timestamp,hour,day_of_week,temperature,humidity,wind_speed,pblh,traffic_index,pm25,pm10,no2,so2,co,o3,aqi
2026-06-07 15:48:17.519678,15,6,35.7,39.2,7.6,945.8,16.3,108.1,166.9,22.5,12.1,0.83,52.3,113
2026-06-07 16:48:17.519678,16,6,34.5,38.6,10.1,912.4,31.4,132.6,208.8,22.4,11.2,1.09,52.6,140
2026-06-07 17:48:17.519678,17,6,34.6,38.5,11.2,784.6,50.1,152.9,229.1,51.4,11.8,1.33,48.4,160
2026-06-07 18:48:17.519678,18,6,34.4,40.4,15.6,684.6,61.9,201.7,298.9,56.5,13.6,1.28,51.1,211
2026-06-07 19:48:17.519678,19,6,29.6,49.6,12.6,460.6,44.6,214.6,315.0,46.0,14.9,1.27,52.0,224
2026-06-07 20:48:17.519678,20,6,27.2,54.7,8.2,410.7,33.9,175.0,280.5,38.1,13.5,1.04,40.0,185
2026-06-07 21:48:17.519678,21,6,27.4,62.7,11.0,244.8,8.9,187.8,267.6,18.8,12.8,0.92,51.0,195
2026-06-07 22:48:17.519678,22,6,23.6,68.4,5.9,150.0,13.3,198.2,251.2,23.8,16.0,1.36,37.0,203
2026-06-07 23:48:17.519678,23,6,19.3,75.6,10.2,150.0,13.1,177.1,272.6,21.5,12.4,1.29,31.8,186
2026-06-08 00:48:17.519678,0,0,18.7,76.1,6.0,150.0,17.5,195.0,255.9,28.0,15.1,1.44,38.8,201
2026-06-08 01:48:17.519678,1,0,15.6,85.6,5.8,150.0,15.1,217.6,293.3,20.2,12.4,1.33,36.4,225
2026-06-08 02:48:17.519678,2,0,14.6,84.7,7.8,150.0,9.4,194.5,274.0,12.4,13.9,1.08,35.6,202
2026-06-08 03:48:17.519678,3,0,15.4,91.2,2.0,150.0,11.1,199.6,270.5,29.6,12.8,0.98,23.9,206
2026-06-08 04:48:17.519678,4,0,12.5,82.1,1.3,150.0,15.9,211.3,311.0,40.3,12.9,1.32,23.6,221
2026-06-08 05:48:17.519678,5,0,13.8,86.9,2.8,150.0,15.5,201.8,282.4,23.0,12.2,1.28,33.3,209
2026-06-08 06:48:17.519678,6,0,17.1,78.3,6.2,150.0,17.4,189.1,246.0,22.5,15.7,1.23,33.5,194
2026-06-08 07:48:17.519678,7,0,18.5,70.5,1.5,231.5,29.6,193.1,318.2,46.5,11.2,1.11,27.2,205
2026-06-08 08:48:17.519678,8,0,22.9,65.0,1.0,299.8,52.8,294.9,415.2,73.3,11.0,1.45,37.4,306
2026-06-08 09:48:17.519678,9,0,23.6,59.0,5.1,587.1,57.9,217.4,312.4,64.5,16.5,1.42,33.3,226
2026-06-08 10:48:17.519678,10,0,25.5,54.8,8.1,638.0,49.7,201.0,316.8,48.7,14.2,1.37,49.7,212
2026-06-08 11:48:17.519678,11,0,32.2,49.1,10.4,827.3,40.2,160.1,253.9,49.3,7.4,1.14,56.4,169
2026-06-08 12:48:17.519678,12,0,31.7,40.6,8.1,933.5,14.1,101.0,186.8,8.2,11.0,0.88,55.3,109
2026-06-08 13:48:17.519678,13,0,33.8,38.3,9.2,1047.6,8.5,89.0,215.0,8.1,8.5,0.52,61.5,101
2026-06-08 14:48:17.519678,14,0,32.5,42.3,13.1,934.6,19.0,93.8,162.6,19.6,10.3,0.88,52.4,100
2026-06-08 15:48:17.519678,15,0,34.2,40.2,7.7,828.6,17.0,161.4,251.3,24.9,5.9,0.78,57.4,170
2026-06-08 16:48:17.519678,16,0,34.8,37.2,11.1,928.8,30.3,117.2,204.9,32.0,11.9,1.03,61.0,125
2026-06-08 17:48:17.519678,17,0,31.9,38.5,12.4,914.3,46.9,146.3,260.9,46.2,9.9,1.17,49.9,157
2026-06-08 18:48:17.519678,18,0,32.6,42.7,12.8,761.9,59.0,188.4,260.6,49.8,12.3,1.52,47.9,195
2026-06-08 19:48:17.519678,19,0,29.1,49.3,10.4,565.8,56.4,230.8,301.2,47.9,9.0,1.45,36.6,237
2026-06-08 20:48:17.519678,20,0,27.2,50.5,10.9,375.4,34.8,198.0,285.3,35.7,12.6,1.12,43.6,206
2026-06-08 21:48:17.519678,21,0,24.1,59.2,5.0,285.1,23.2,174.7,227.1,20.0,11.7,1.1,46.0,179
2026-06-08 22:48:17.519678,22,0,25.2,61.5,7.7,150.0,10.2,203.6,287.0,10.4,16.0,1.2,48.9,211
2026-06-08 23:48:17.519678,23,0,20.0,73.7,8.9,150.0,10.5,195.6,285.4,15.3,15.8,1.27,40.0,204
2026-06-09 00:48:17.519678,0,1,16.3,79.6,5.0,150.0,5.0,187.6,242.3,5.6,14.6,1.02,31.3,193
2026-06-09 01:48:17.519678,1,1,17.6,80.2,6.1,150.0,11.8,199.1,246.1,23.5,12.3,1.24,23.9,203
2026-06-09 02:48:17.519678,2,1,13.5,88.9,6.1,150.0,18.8,234.9,315.7,28.0,17.0,1.39,25.9,243
2026-06-09 03:48:17.519678,3,1,15.3,81.3,3.9,150.0,17.1,232.5,334.4,15.3,9.9,1.33,30.3,242
2026-06-09 04:48:17.519678,4,1,12.4,79.8,4.5,150.0,14.2,183.8,221.3,14.8,10.2,1.41,26.8,187
2026-06-09 05:48:17.519678,5,1,14.3,82.3,2.1,150.0,15.7,229.8,329.3,17.2,12.8,1.38,33.6,239
2026-06-09 06:48:17.519678,6,1,18.2,80.8,3.7,150.0,17.0,205.6,299.0,19.4,17.5,1.32,44.9,214
2026-06-09 07:48:17.519678,7,1,21.1,77.6,5.8,210.0,32.4,221.1,324.5,38.2,12.3,1.38,37.1,231
2026-06-09 08:48:17.519678,8,1,22.7,65.1,5.5,379.5,53.1,202.7,315.8,51.2,12.0,1.49,36.0,214
2026-06-09 09:48:17.519678,9,1,24.8,63.2,4.8,529.1,53.5,212.1,349.2,56.7,9.4,1.43,37.8,225
2026-06-09 10:48:17.519678,10,1,27.1,53.4,7.4,707.6,51.2,178.6,262.4,42.6,14.1,1.13,43.9,187
2026-06-09 11:48:17.519678,11,1,27.8,47.0,9.4,783.1,35.3,170.7,266.6,38.9,14.1,1.03,40.3,180
2026-06-09 12:48:17.519678,12,1,31.0,45.0,4.9,975.7,18.1,132.7,208.2,19.6,13.7,0.63,50.8,140
2026-06-09 13:48:17.519678,13,1,33.0,40.3,12.3,979.6,18.7,81.8,154.2,19.3,10.9,0.91,54.9,89
2026-06-09 14:48:17.519678,14,1,36.2,31.1,10.2,999.5,27.2,123.9,246.9,26.9,10.7,0.9,56.8,136
2026-06-09 15:48:17.519678,15,1,35.5,39.4,12.3,963.2,19.3,132.4,193.6,13.5,9.6,0.77,58.6,138
2026-06-09 16:48:17.519678,16,1,32.0,40.0,14.3,927.4,33.1,136.6,208.4,26.2,12.3,1.09,53.0,143
2026-06-09 17:48:17.519678,17,1,34.1,36.5,9.3,865.5,47.1,178.8,310.8,50.5,10.0,1.26,42.1,192
2026-06-09 18:48:17.519678,18,1,31.5,43.5,10.4,656.6,60.7,214.0,343.8,59.5,9.9,1.35,50.0,227
2026-06-09 19:48:17.519678,19,1,29.0,49.0,10.9,522.4,51.9,213.9,311.7,54.7,11.4,1.36,41.0,223
2026-06-09 20:48:17.519678,20,1,28.5,54.3,9.3,384.8,32.3,189.7,300.3,34.0,11.4,1.11,40.3,200
2026-06-09 21:48:17.519678,21,1,26.5,58.3,13.5,177.4,15.7,170.1,261.3,17.0,11.8,1.02,39.6,179
2026-06-09 22:48:17.519678,22,1,23.8,64.5,7.3,150.0,16.6,177.9,289.8,10.5,13.9,1.25,44.7,189
2026-06-09 23:48:17.519678,23,1,18.7,72.4,6.9,150.0,20.9,212.1,299.3,21.8,13.2,1.36,34.2,220
2026-06-10 00:48:17.519678,0,2,17.5,81.2,7.4,150.0,16.8,195.2,289.4,19.0,12.4,1.31,25.6,204
2026-06-10 01:48:17.519678,1,2,16.8,83.3,3.6,150.0,18.8,200.9,327.4,35.1,13.4,1.2,34.1,213
2026-06-10 02:48:17.519678,2,2,16.8,83.0,4.4,150.0,14.1,187.7,269.6,22.9,11.0,1.39,25.7,195
2026-06-10 03:48:17.519678,3,2,14.3,87.3,5.2,150.0,18.0,194.2,263.6,29.7,13.2,1.33,29.9,201
2026-06-10 04:48:17.519678,4,2,15.1,75.6,3.5,150.0,16.2,215.1,313.6,26.2,13.3,1.31,31.6,224
2026-06-10 05:48:17.519678,5,2,14.7,85.1,3.8,150.0,12.0,187.2,248.0,15.1,10.0,1.29,35.5,193
2026-06-10 06:48:17.519678,6,2,16.1,72.5,3.1,150.0,21.0,187.8,313.9,29.2,15.0,1.3,40.3,200
2026-06-10 07:48:17.519678,7,2,21.2,71.4,1.5,258.0,27.6,230.0,325.4,45.9,10.8,1.25,29.0,239
2026-06-10 08:48:17.519678,8,2,24.4,63.1,5.8,370.9,47.5,217.1,306.3,43.2,12.6,1.35,39.8,226
2026-06-10 09:48:17.519678,9,2,24.9,56.1,9.5,433.4,60.8,232.0,319.9,55.9,14.7,1.45,37.9,240
2026-06-10 10:48:17.519678,10,2,29.1,57.0,7.0,693.3,51.2,216.6,338.0,49.4,14.1,1.37,47.1,228
2026-06-10 11:48:17.519678,11,2,30.5,46.1,8.5,895.4,26.8,134.5,235.3,35.7,12.2,1.06,49.2,144
2026-06-10 12:48:17.519678,12,2,31.1,43.4,10.4,965.9,24.0,127.1,200.5,14.0,11.4,0.94,49.2,134
2026-06-10 13:48:17.519678,13,2,34.2,38.2,7.5,1027.8,18.2,91.5,179.9,26.4,14.0,0.86,51.2,100
2026-06-10 14:48:17.519678,14,2,37.0,37.3,14.2,1061.8,13.1,92.6,140.4,9.2,13.5,0.64,52.9,97
2026-06-10 15:48:17.519678,15,2,34.9,35.2,11.9,984.0,13.6,114.1,203.8,7.9,10.9,0.55,61.1,123
2026-06-10 16:48:17.519678,16,2,37.0,32.0,15.1,929.5,31.0,112.5,209.7,35.8,10.6,1.12,58.1,122
2026-06-10 17:48:17.519678,17,2,29.7,41.3,10.5,793.4,48.3,179.4,314.3,49.9,8.0,1.46,50.3,192
2026-06-10 18:48:17.519678,18,2,33.3,40.8,15.5,684.2,60.5,206.0,299.7,62.6,12.5,1.61,47.2,215
2026-06-10 19:48:17.519678,19,2,30.1,42.8,13.0,586.1,48.6,197.6,277.0,50.0,12.1,1.27,42.9,205
2026-06-10 20:48:17.519678,20,2,27.1,52.2,11.9,460.2,23.5,187.8,264.4,34.0,14.6,0.85,38.8,195
2026-06-10 21:48:17.519678,21,2,25.1,64.5,10.5,237.7,18.2,191.9,251.1,22.0,13.3,0.99,44.8,197
2026-06-10 22:48:17.519678,22,2,19.4,69.0,8.5,150.0,14.6,213.2,328.6,15.9,15.7,1.12,31.5,224
2026-06-10 23:48:17.519678,23,2,19.7,71.5,10.4,150.0,17.6,179.9,287.7,20.5,11.6,1.32,45.8,190
2026-06-11 00:48:17.519678,0,3,18.5,76.6,7.2,150.0,12.2,190.2,272.3,21.3,15.3,1.41,28.5,198
2026-06-11 01:48:17.519678,1,3,18.6,80.7,2.1,150.0,21.7,215.8,320.4,30.2,11.9,1.38,35.6,226
2026-06-11 02:48:17.519678,2,3,14.6,90.4,2.9,150.0,7.4,171.9,233.9,13.6,14.6,1.21,39.0,178
2026-06-11 03:48:17.519678,3,3,13.8,86.1,4.2,150.0,20.3,218.1,292.7,23.9,10.1,1.51,32.2,225
2026-06-11 04:48:17.519678,4,3,14.6,85.4,4.8,150.0,14.2,228.5,302.1,8.6,13.5,1.24,32.5,235
2026-06-11 05:48:17.519678,5,3,17.7,84.7,3.9,150.0,19.3,202.6,269.4,25.7,9.0,1.56,28.8,209
2026-06-11 06:48:17.519678,6,3,18.4,78.4,6.6,150.0,20.1,208.0,256.7,13.2,12.5,1.57,28.9,212
2026-06-11 07:48:17.519678,7,3,19.2,71.7,1.0,222.0,36.1,248.2,350.6,62.8,13.6,1.38,35.6,258
2026-06-11 08:48:17.519678,8,3,23.2,65.9,5.5,472.6,48.5,201.2,288.0,53.5,11.3,1.28,45.0,209
2026-06-11 09:48:17.519678,9,3,25.1,59.8,2.4,571.6,55.6,193.7,298.9,60.4,10.2,1.48,36.9,204
2026-06-11 10:48:17.519678,10,3,29.0,53.4,8.5,715.0,55.7,185.6,280.5,62.1,13.9,1.34,37.9,195
2026-06-11 11:48:17.519678,11,3,28.9,49.7,7.8,855.4,31.1,124.7,199.1,24.5,12.0,0.87,35.0,132
2026-06-11 12:48:17.519678,12,3,31.6,42.5,9.9,862.7,20.6,153.8,228.5,27.6,11.2,0.95,45.2,161
2026-06-11 13:48:17.519678,13,3,33.1,40.5,8.3,1031.5,20.9,110.6,192.8,25.8,12.2,0.93,51.5,118
2026-06-11 14:48:17.519678,14,3,32.5,35.6,13.4,996.2,11.8,95.5,190.4,4.3,17.4,0.69,61.5,104
2026-06-11 15:48:17.519678,15,3,35.4,35.2,13.5,1013.1,22.1,127.8,195.1,35.7,14.5,0.7,57.3,134
2026-06-11 16:48:17.519678,16,3,35.1,29.9,13.0,866.0,29.2,123.1,217.8,28.3,14.5,0.83,55.8,132
2026-06-11 17:48:17.519678,17,3,33.7,41.1,11.7,746.6,49.5,171.1,274.2,42.7,13.1,1.29,49.1,181
2026-06-11 18:48:17.519678,18,3,31.7,43.4,13.0,740.9,60.3,200.1,291.0,49.5,12.5,1.39,45.2,209
2026-06-11 19:48:17.519678,19,3,27.9,50.5,10.1,574.1,44.0,207.6,297.7,41.5,7.5,1.2,51.3,216
2026-06-11 20:48:17.519678,20,3,27.0,44.8,12.5,354.9,28.4,197.5,305.5,27.4,11.1,1.21,45.6,208
2026-06-11 21:48:17.519678,21,3,24.5,66.3,13.3,201.2,25.1,204.0,269.5,25.4,11.8,1.35,31.3,210
2026-06-11 22:48:17.519678,22,3,21.2,66.1,11.2,156.3,19.4,197.7,291.2,18.6,9.2,1.47,35.2,207
2026-06-11 23:48:17.519678,23,3,19.8,75.8,6.5,150.0,14.8,198.6,259.6,21.1,10.7,1.19,32.3,204
2026-06-12 00:48:17.519678,0,4,18.5,74.6,7.7,150.0,16.0,196.5,297.1,16.3,9.0,1.27,32.9,206
2026-06-12 01:48:17.519678,1,4,19.2,83.5,3.4,150.0,13.8,180.5,294.7,11.6,12.9,1.35,39.7,191
2026-06-12 02:48:17.519678,2,4,15.6,81.0,6.3,150.0,20.4,201.9,260.4,22.4,14.6,1.42,30.9,207
2026-06-12 03:48:17.519678,3,4,15.4,83.1,5.4,150.0,14.2,176.6,253.8,6.5,15.2,1.43,32.4,184
2026-06-12 04:48:17.519678,4,4,15.2,89.9,1.0,150.0,16.0,225.2,286.4,46.2,13.8,1.35,35.2,231
2026-06-12 05:48:17.519678,5,4,13.5,81.1,1.7,150.0,20.4,209.3,308.0,31.4,11.1,1.56,24.5,219
2026-06-12 06:48:17.519678,6,4,17.9,78.3,3.6,150.0,16.6,237.8,301.2,24.2,9.1,1.37,43.4,244
2026-06-12 07:48:17.519678,7,4,20.1,75.1,3.9,246.8,37.8,220.3,315.9,48.2,9.1,1.48,30.9,229
2026-06-12 08:48:17.519678,8,4,26.1,68.0,2.8,349.9,43.9,202.5,271.5,45.7,9.9,1.31,42.2,209
2026-06-12 09:48:17.519678,9,4,24.7,60.5,6.8,592.3,66.5,223.7,318.3,69.6,10.5,1.57,36.3,233
2026-06-12 10:48:17.519678,10,4,28.0,54.6,7.5,674.3,48.6,197.9,272.9,45.6,11.9,1.37,44.7,205
2026-06-12 11:48:17.519678,11,4,29.9,54.7,7.6,812.8,30.6,174.3,279.3,40.2,10.2,1.14,49.1,184
2026-06-12 12:48:17.519678,12,4,30.3,42.1,7.5,869.9,12.2,107.1,168.8,13.1,12.9,0.77,52.2,113
2026-06-12 13:48:17.519678,13,4,35.4,39.0,12.1,851.4,14.1,95.2,183.6,11.0,11.7,0.72,52.6,103
2026-06-12 14:48:17.519678,14,4,35.8,39.0,14.1,990.4,11.8,113.3,189.2,16.1,12.2,0.81,50.7,120
2026-06-12 15:48:17.519678,15,4,36.2,38.3,10.5,1100.2,17.3,78.6,149.2,16.3,14.4,0.53,69.3,85
2026-06-12 16:48:17.519678,16,4,33.3,39.4,10.6,958.8,31.0,127.4,217.0,26.5,9.8,0.83,49.9,136
2026-06-12 17:48:17.519678,17,4,35.8,40.3,13.0,823.3,53.9,177.3,263.1,48.4,13.0,1.4,56.6,185
2026-06-12 18:48:17.519678,18,4,30.0,38.9,11.1,686.9,60.8,204.7,319.1,57.2,12.2,1.46,37.2,216
2026-06-12 19:48:17.519678,19,4,30.9,52.4,11.2,556.4,51.3,214.7,347.8,55.5,11.6,1.41,45.1,228
2026-06-12 20:48:17.519678,20,4,30.9,50.1,12.3,427.4,27.2,170.6,246.2,17.2,14.1,1.05,49.7,178
2026-06-12 21:48:17.519678,21,4,23.5,60.9,6.2,185.7,16.2,187.3,298.2,19.6,14.6,1.24,43.6,198
2026-06-12 22:48:17.519678,22,4,21.6,64.2,11.7,155.7,23.0,201.7,320.9,26.4,11.1,1.31,24.6,213
2026-06-12 23:48:17.519678,23,4,20.1,72.3,8.1,150.0,12.1,189.8,252.5,15.6,12.6,1.31,38.5,196
2026-06-13 00:48:17.519678,0,5,17.2,78.7,6.1,150.0,21.6,204.6,254.0,30.9,13.6,1.49,26.8,209
2026-06-13 01:48:17.519678,1,5,14.0,82.6,5.8,150.0,14.0,198.6,278.1,17.4,12.5,1.4,31.7,206
2026-06-13 02:48:17.519678,2,5,15.4,85.4,5.1,150.0,15.0,207.0,269.9,18.5,14.2,1.49,26.5,213
2026-06-13 03:48:17.519678,3,5,13.4,89.8,1.1,150.0,19.3,232.4,347.7,48.3,13.6,1.38,22.0,243
2026-06-13 04:48:17.519678,4,5,16.1,85.5,7.1,150.0,20.2,207.0,281.4,22.9,16.7,1.4,30.6,214
2026-06-13 05:48:17.519678,5,5,15.0,80.9,4.1,150.0,15.4,172.9,224.0,19.2,9.9,1.15,25.8,178
2026-06-13 06:48:17.519678,6,5,20.3,80.6,5.0,150.0,18.2,200.0,252.6,24.9,12.8,1.29,34.4,205
2026-06-13 07:48:17.519678,7,5,18.8,76.1,6.4,249.8,31.3,214.6,320.0,29.6,10.8,1.25,28.7,225
2026-06-13 08:48:17.519678,8,5,21.9,62.8,3.1,477.5,51.4,231.5,319.3,52.8,13.5,1.49,26.9,240
2026-06-13 09:48:17.519678,9,5,26.2,61.8,6.9,493.3,63.6,220.7,318.3,58.9,9.1,1.5,45.7,230
2026-06-13 10:48:17.519678,10,5,25.7,55.6,6.4,626.6,50.1,188.0,299.0,56.5,12.9,1.39,33.8,199
2026-06-13 11:48:17.519678,11,5,30.3,46.6,9.7,832.5,34.0,142.8,218.7,17.6,10.9,1.03,48.8,150
2026-06-13 12:48:17.519678,12,5,34.0,46.4,4.8,922.2,26.3,142.6,227.3,31.9,10.7,0.89,56.4,151
2026-06-13 13:48:17.519678,13,5,31.2,37.9,9.8,988.2,17.4,126.4,213.7,18.9,9.3,0.79,47.5,135
2026-06-13 14:48:17.519678,14,5,34.9,36.2,9.6,1012.2,17.2,102.0,197.3,10.2,11.2,0.72,51.8,111
2026-06-13 15:48:17.519678,15,5,35.4,34.5,12.3,968.4,13.7,120.1,220.4,16.3,14.3,0.67,57.0,130
2026-06-13 16:48:17.519678,16,5,35.8,35.9,12.8,994.1,21.0,116.7,198.6,23.7,12.1,0.65,61.2,124
2026-06-13 17:48:17.519678,17,5,31.8,35.1,10.6,744.2,51.6,184.4,293.0,52.2,13.5,1.28,42.1,195
2026-06-13 18:48:17.519678,18,5,30.1,38.0,10.4,658.6,59.6,203.8,307.0,43.3,15.6,1.4,46.0,214
2026-06-13 19:48:17.519678,19,5,30.8,52.3,11.2,550.1,48.0,211.3,283.3,52.7,12.8,1.25,38.0,218
2026-06-13 20:48:17.519678,20,5,28.0,51.0,9.0,317.8,32.5,205.8,311.9,28.9,11.4,1.24,43.8,216
2026-06-13 21:48:17.519678,21,5,25.4,57.0,11.7,235.9,19.5,222.8,361.9,23.6,13.6,1.18,43.3,236
2026-06-13 22:48:17.519678,22,5,22.9,60.0,8.3,183.1,20.3,183.6,253.0,25.6,11.7,1.27,35.7,190
2026-06-13 23:48:17.519678,23,5,19.0,70.6,2.2,150.0,15.4,211.9,283.6,23.2,12.0,1.4,33.2,219
2026-06-14 00:48:17.519678,0,6,18.3,73.7,6.2,150.0,12.0,180.7,238.5,18.9,10.0,1.3,28.0,186
2026-06-14 01:48:17.519678,1,6,16.8,86.6,3.9,150.0,19.0,189.3,271.4,22.8,14.9,1.32,33.2,197
2026-06-14 02:48:17.519678,2,6,14.3,87.2,1.9,150.0,14.1,204.4,284.9,18.1,12.2,1.23,35.6,212
2026-06-14 03:48:17.519678,3,6,17.8,82.9,2.1,150.0,17.1,209.7,283.1,35.8,13.4,1.35,27.3,217
2026-06-14 04:48:17.519678,4,6,16.1,90.9,4.4,150.0,13.2,236.6,296.5,14.9,10.9,1.32,29.7,242
2026-06-14 05:48:17.519678,5,6,14.6,84.6,6.7,150.0,13.2,187.3,257.7,12.1,13.9,1.4,33.8,194
2026-06-14 06:48:17.519678,6,6,18.9,76.7,4.8,150.0,20.1,185.5,228.5,22.4,11.5,1.49,41.5,189
2026-06-14 07:48:17.519678,7,6,18.5,65.0,3.3,189.1,31.6,223.1,320.9,38.8,12.5,1.35,25.9,232
2026-06-14 08:48:17.519678,8,6,23.6,73.3,6.1,412.3,52.0,191.3,287.5,51.4,14.1,1.41,37.3,200
2026-06-14 09:48:17.519678,9,6,26.7,55.8,5.1,580.2,58.9,215.9,290.9,61.7,13.8,1.52,42.3,223
2026-06-14 10:48:17.519678,10,6,26.4,48.6,5.6,757.0,42.7,174.9,237.8,37.1,12.2,1.28,42.4,181
2026-06-14 11:48:17.519678,11,6,31.4,50.6,5.7,903.3,29.8,152.5,269.4,28.4,8.6,1.05,37.5,164
2026-06-14 12:48:17.519678,12,6,32.7,49.6,5.5,868.9,22.9,148.4,221.0,25.5,18.2,0.85,54.2,155
2026-06-14 13:48:17.519678,13,6,34.9,42.5,9.2,939.0,14.7,104.4,204.5,26.0,15.7,0.6,61.9,114
2026-06-14 14:48:17.519678,14,6,37.5,37.5,11.1,937.1,14.9,109.6,189.3,15.6,13.6,0.63,59.0,117
2026-06-14 15:48:17.519678,15,6,34.6,36.8,11.3,967.9,23.7,110.4,190.8,29.4,10.6,0.89,48.5,118
2026-06-14 16:48:17.519678,16,6,33.5,38.4,11.0,942.9,28.7,115.0,207.6,28.7,11.9,0.97,49.8,124
2026-06-14 17:48:17.519678,17,6,32.3,40.6,10.1,873.6,43.9,166.6,246.3,40.0,11.1,1.06,58.6,174
2026-06-14 18:48:17.519678,18,6,30.8,43.2,13.1,696.2,59.4,183.0,286.0,54.5,14.7,1.44,51.1,193
2026-06-14 19:48:17.519678,19,6,29.9,47.8,8.8,539.3,48.1,196.0,288.9,45.9,12.8,1.37,49.5,205
2026-06-14 20:48:17.519678,20,6,28.1,53.3,12.4,407.6,27.7,168.7,230.2,30.4,10.8,0.95,47.5,174
2026-06-14 21:48:17.519678,21,6,25.4,57.7,8.0,203.0,19.0,200.9,301.7,27.8,11.8,1.29,39.4,210
2026-06-14 22:48:17.519678,22,6,23.7,65.6,7.5,204.5,17.8,217.9,305.5,21.8,15.0,1.12,40.2,226
2026-06-14 23:48:17.519678,23,6,20.0,67.4,5.1,150.0,15.0,175.0,250.4,25.4,16.2,1.42,36.1,182
2026-06-15 00:48:17.519678,0,0,20.1,77.4,6.0,150.0,16.2,167.4,211.5,14.8,16.1,1.26,40.4,171
2026-06-15 01:48:17.519678,1,0,15.9,78.7,8.0,150.0,22.3,200.9,310.1,21.7,14.5,1.3,39.5,211
2026-06-15 02:48:17.519678,2,0,19.4,80.8,6.2,150.0,13.6,191.3,281.6,13.5,12.5,1.23,42.5,200
2026-06-15 03:48:17.519678,3,0,15.9,85.5,6.5,150.0,16.1,197.8,288.1,20.7,6.5,1.3,25.0,206
2026-06-15 04:48:17.519678,4,0,14.1,88.3,5.2,150.0,13.1,184.6,243.3,15.7,13.6,1.22,31.4,190
2026-06-15 05:48:17.519678,5,0,14.7,84.4,1.8,150.0,12.4,200.2,238.1,31.6,13.0,1.23,33.2,203
2026-06-15 06:48:17.519678,6,0,18.7,73.0,3.5,168.6,17.4,204.8,327.0,19.6,13.2,1.29,38.5,217
2026-06-15 07:48:17.519678,7,0,19.7,69.5,3.0,150.0,29.6,236.8,331.0,37.0,13.1,1.49,31.8,246
2026-06-15 08:48:17.519678,8,0,23.5,69.3,7.8,476.7,51.5,184.7,249.7,53.6,9.7,1.38,52.4,191
2026-06-15 09:48:17.519678,9,0,25.7,57.1,3.6,484.1,69.4,239.9,354.5,60.4,13.4,1.48,33.4,251
2026-06-15 10:48:17.519678,10,0,27.5,52.9,8.8,686.7,47.2,189.3,307.2,56.5,13.5,1.29,36.9,201
2026-06-15 11:48:17.519678,11,0,28.7,49.2,9.8,802.8,29.9,134.4,214.9,28.5,13.6,0.96,47.8,142
2026-06-15 12:48:17.519678,12,0,29.8,39.4,12.7,949.0,19.5,143.1,260.0,9.8,14.1,0.96,60.4,154
2026-06-15 13:48:17.519678,13,0,33.0,38.7,9.2,899.6,17.5,110.6,214.5,19.8,13.4,0.68,48.4,120
2026-06-15 14:48:17.519678,14,0,35.9,31.8,12.3,1023.1,17.0,105.4,170.0,17.9,11.3,0.57,55.0,111
2026-06-15 15:48:17.519678,15,0,35.3,33.2,16.0,1080.8,24.9,119.8,195.7,23.9,12.0,0.93,60.4,127
2026-06-15 16:48:17.519678,16,0,32.8,36.8,10.6,851.5,21.8,122.1,228.4,27.4,12.4,0.88,51.5,132
2026-06-15 17:48:17.519678,17,0,33.9,33.6,8.9,833.7,40.5,133.6,172.6,43.5,12.4,1.03,49.7,137
2026-06-15 18:48:17.519678,18,0,32.6,43.6,8.1,666.9,58.0,198.2,299.8,57.4,14.2,1.27,51.3,208
2026-06-15 19:48:17.519678,19,0,28.7,47.4,12.9,576.6,54.4,222.2,302.2,53.6,13.5,1.54,45.4,230
2026-06-15 20:48:17.519678,20,0,27.8,55.2,7.1,401.0,25.3,177.7,257.4,26.5,16.5,1.17,50.9,185
2026-06-15 21:48:17.519678,21,0,25.1,60.7,9.3,212.6,7.7,161.4,235.3,19.1,17.1,0.74,49.7,168
2026-06-15 22:48:17.519678,22,0,20.7,70.6,9.9,150.0,18.1,209.6,288.8,11.9,13.2,1.29,40.2,217
2026-06-15 23:48:17.519678,23,0,20.5,72.9,8.4,150.0,16.1,188.3,255.5,18.7,5.3,1.47,39.2,195
2026-06-16 00:48:17.519678,0,1,18.8,76.4,7.8,150.0,10.6,177.8,228.1,13.7,15.5,1.18,37.2,182
2026-06-16 01:48:17.519678,1,1,18.0,82.0,6.4,150.0,11.1,189.3,306.3,18.7,11.9,1.18,37.1,200
2026-06-16 02:48:17.519678,2,1,16.9,85.8,7.7,150.0,11.1,197.8,305.8,9.7,11.4,1.21,34.6,208
2026-06-16 03:48:17.519678,3,1,12.9,85.1,2.6,150.0,15.4,237.2,297.0,16.6,12.2,1.19,28.9,243
2026-06-16 04:48:17.519678,4,1,13.9,84.3,2.8,150.0,12.6,208.9,315.7,22.9,12.1,1.08,35.4,219
2026-06-16 05:48:17.519678,5,1,17.1,79.5,2.5,150.0,17.8,223.4,298.7,29.6,14.2,1.44,40.2,230
2026-06-16 06:48:17.519678,6,1,18.7,75.7,5.8,150.0,8.3,175.9,250.7,20.1,9.9,1.01,27.9,183
2026-06-16 07:48:17.519678,7,1,20.8,68.3,6.3,229.1,28.1,189.4,270.3,23.7,10.5,1.28,37.6,197
2026-06-16 08:48:17.519678,8,1,28.2,71.7,6.1,400.0,45.5,215.0,288.9,51.7,13.1,1.42,40.2,222
2026-06-16 09:48:17.519678,9,1,25.9,56.3,8.4,492.8,59.0,225.0,347.1,68.5,13.6,1.34,37.6,237
2026-06-16 10:48:17.519678,10,1,29.3,51.5,4.6,730.2,47.9,170.2,262.7,47.7,13.5,1.16,47.4,179
2026-06-16 11:48:17.519678,11,1,31.4,45.3,11.3,868.4,34.7,145.7,223.7,27.5,10.6,1.16,53.3,153
2026-06-16 12:48:17.519678,12,1,33.0,45.0,12.1,897.0,12.3,117.7,170.9,11.5,10.2,0.75,52.9,122
2026-06-16 13:48:17.519678,13,1,33.2,37.5,11.5,956.1,16.1,117.0,184.2,17.2,11.1,0.68,43.5,123
2026-06-16 14:48:17.519678,14,1,35.8,39.6,14.4,1013.3,18.1,115.9,166.1,21.2,12.6,0.89,51.0,120
2026-06-16 15:48:17.519678,15,1,33.8,33.0,8.2,957.7,27.2,133.6,227.6,25.2,15.1,1.03,57.6,143
2026-06-16 16:48:17.519678,16,1,34.3,36.7,10.8,916.3,29.6,128.4,193.7,37.2,8.1,0.98,38.7,134
2026-06-16 17:48:17.519678,17,1,32.9,35.8,10.5,929.3,51.3,159.7,253.6,43.5,11.7,1.19,56.1,169
2026-06-16 18:48:17.519678,18,1,32.2,48.8,13.3,687.6,52.8,175.1,296.0,41.1,9.6,1.3,52.1,187
2026-06-16 19:48:17.519678,19,1,33.5,43.9,9.4,537.4,40.5,217.5,351.6,45.2,9.0,1.22,57.2,230
2026-06-16 20:48:17.519678,20,1,24.8,54.5,12.3,367.6,34.9,198.7,294.1,22.5,14.3,1.18,41.5,208
2026-06-16 21:48:17.519678,21,1,26.0,61.9,12.7,281.9,19.7,180.8,263.7,19.1,13.6,1.14,34.0,189
2026-06-16 22:48:17.519678,22,1,20.0,67.7,10.4,150.0,20.5,185.2,304.2,37.0,13.9,1.22,37.4,197
2026-06-16 23:48:17.519678,23,1,19.3,71.9,8.6,150.0,9.6,227.5,328.6,12.1,14.8,1.06,43.3,237
2026-06-17 00:48:17.519678,0,2,19.6,77.3,5.0,150.0,17.1,181.5,247.6,15.8,12.0,1.34,41.5,188
2026-06-17 01:48:17.519678,1,2,16.4,81.8,4.3,150.0,22.5,200.4,246.6,26.9,12.1,1.35,28.7,205
2026-06-17 02:48:17.519678,2,2,13.7,83.7,7.7,150.0,16.7,200.8,282.0,18.7,17.4,1.25,30.0,208
2026-06-17 03:48:17.519678,3,2,13.9,87.9,6.1,150.0,16.1,203.9,291.4,20.2,12.5,1.13,27.0,212
2026-06-17 04:48:17.519678,4,2,16.4,90.8,4.1,150.0,15.1,210.7,268.6,24.3,14.5,1.3,28.1,216
2026-06-17 05:48:17.519678,5,2,15.2,80.0,3.2,150.0,9.5,217.5,304.6,12.9,13.0,1.2,36.8,226
2026-06-17 06:48:17.519678,6,2,18.3,73.6,1.0,150.0,25.2,245.3,332.8,61.1,9.3,1.51,24.8,254
2026-06-17 07:48:17.519678,7,2,20.1,72.2,2.4,150.0,29.1,207.4,288.2,40.0,8.9,1.51,30.6,215
2026-06-17 08:48:17.519678,8,2,21.4,74.2,9.0,444.6,52.1,213.7,248.6,53.8,11.2,1.39,29.8,217
2026-06-17 09:48:17.519678,9,2,28.2,57.6,3.4,494.7,53.7,225.9,323.2,54.0,14.4,1.53,36.0,235
2026-06-17 10:48:17.519678,10,2,28.5,58.4,7.3,736.5,45.3,210.1,325.8,51.3,13.8,1.08,44.8,221
2026-06-17 11:48:17.519678,11,2,27.0,52.5,10.0,825.0,37.3,136.0,202.1,35.3,14.0,1.13,49.6,142
2026-06-17 12:48:17.519678,12,2,32.4,40.7,6.5,871.9,18.4,143.7,235.4,22.5,10.2,0.62,50.6,152
2026-06-17 13:48:17.519678,13,2,32.7,40.1,10.4,959.2,21.7,122.7,192.4,17.8,15.4,0.75,44.9,129
2026-06-17 14:48:17.519678,14,2,35.9,40.7,12.7,1034.3,15.6,115.3,204.5,11.4,10.2,0.61,61.2,124
2026-06-17 15:48:17.519678,15,2,33.8,33.9,11.5,984.9,12.4,101.6,180.7,17.2,12.6,0.77,62.3,109
2026-06-17 16:48:17.519678,16,2,34.5,35.2,17.6,948.8,35.1,127.2,198.3,31.1,12.1,1.03,50.0,134
2026-06-17 17:48:17.519678,17,2,34.4,36.6,8.7,923.1,47.7,174.5,304.2,42.1,11.8,1.22,49.7,187
2026-06-17 18:48:17.519678,18,2,33.4,39.3,14.0,621.8,62.8,224.3,358.8,55.4,14.9,1.39,52.1,237
2026-06-17 19:48:17.519678,19,2,28.2,45.6,11.1,636.2,50.1,209.3,303.6,51.3,10.8,1.28,51.8,218
2026-06-17 20:48:17.519678,20,2,27.1,49.9,12.4,405.2,25.4,180.2,284.3,22.1,9.7,0.95,42.7,190
2026-06-17 21:48:17.519678,21,2,24.3,60.1,10.9,199.8,20.4,184.8,283.0,20.5,12.8,1.24,35.4,194
2026-06-17 22:48:17.519678,22,2,21.4,64.2,7.6,150.0,24.6,183.2,279.6,26.2,12.2,1.34,41.3,192
2026-06-17 23:48:17.519678,23,2,22.6,73.2,8.5,150.0,17.1,207.0,256.7,9.3,19.8,1.46,45.2,211
2026-06-18 00:48:17.519678,0,3,18.5,73.0,3.2,150.0,14.8,204.3,307.3,15.2,14.4,1.12,35.8,214
2026-06-18 01:48:17.519678,1,3,14.4,82.6,7.2,150.0,19.3,184.3,242.1,23.2,12.2,1.28,27.2,190
2026-06-18 02:48:17.519678,2,3,16.7,86.6,5.8,150.0,15.8,186.8,246.3,15.8,10.9,1.47,38.5,192
2026-06-18 03:48:17.519678,3,3,18.2,79.0,5.8,150.0,15.8,187.8,313.7,24.7,9.2,1.26,37.0,200
2026-06-18 04:48:17.519678,4,3,16.9,85.3,6.3,150.0,10.7,164.4,231.6,19.3,10.9,1.1,29.5,171
2026-06-18 05:48:17.519678,5,3,14.1,85.3,4.7,150.0,16.8,185.3,244.9,25.0,13.2,1.34,29.6,191
2026-06-18 06:48:17.519678,6,3,17.2,74.0,4.4,150.0,23.9,191.7,225.9,37.4,15.9,1.38,25.1,195
2026-06-18 07:48:17.519678,7,3,21.9,77.5,2.8,289.1,28.2,199.8,305.6,35.8,14.8,1.09,41.1,210
2026-06-18 08:48:17.519678,8,3,21.4,67.7,3.7,379.0,55.7,224.0,290.1,61.4,12.9,1.39,33.2,230
2026-06-18 09:48:17.519678,9,3,25.7,57.9,8.4,425.1,59.6,206.7,282.4,54.3,11.7,1.81,38.2,214
2026-06-18 10:48:17.519678,10,3,28.8,53.4,9.8,709.9,46.5,212.6,307.1,57.2,12.7,1.21,43.6,222
2026-06-18 11:48:17.519678,11,3,28.6,49.2,7.5,846.1,35.5,172.1,292.8,45.9,11.1,0.86,44.9,184
2026-06-18 12:48:17.519678,12,3,32.0,42.6,9.1,939.8,18.6,106.1,199.3,20.1,15.6,0.93,55.8,115
2026-06-18 13:48:17.519678,13,3,28.8,40.0,8.2,1041.3,18.9,112.6,191.3,22.6,11.8,0.84,50.2,120
2026-06-18 14:48:17.519678,14,3,33.1,33.1,13.2,946.4,14.7,116.4,211.0,22.3,12.0,0.65,51.7,125
2026-06-18 15:48:17.519678,15,3,34.6,35.5,12.8,1013.6,19.5,128.5,206.6,19.2,7.7,0.7,58.4,136
2026-06-18 16:48:17.519678,16,3,32.8,31.6,15.7,979.2,33.5,122.3,216.5,28.8,11.8,1.07,53.5,131
2026-06-18 17:48:17.519678,17,3,36.1,38.0,10.2,735.3,51.2,203.1,315.1,53.4,13.9,1.28,50.9,214
2026-06-18 18:48:17.519678,18,3,29.9,39.6,11.1,716.0,52.0,181.4,303.5,49.9,10.1,1.13,45.3,193
2026-06-18 19:48:17.519678,19,3,29.3,45.3,11.9,530.1,45.6,178.2,294.8,44.4,10.8,1.45,45.0,189
2026-06-18 20:48:17.519678,20,3,27.8,57.2,12.1,395.9,35.3,207.1,313.3,30.0,14.0,1.14,47.9,217
2026-06-18 21:48:17.519678,21,3,27.2,63.3,9.6,262.1,19.2,205.6,289.5,11.8,9.6,1.22,44.6,214
2026-06-18 22:48:17.519678,22,3,20.3,68.3,7.3,150.0,13.7,229.2,338.2,17.7,15.1,1.4,35.6,240
2026-06-18 23:48:17.519678,23,3,21.7,69.2,9.8,150.0,9.7,165.1,237.4,16.3,11.9,1.11,49.3,172
2026-06-19 00:48:17.519678,0,4,17.9,76.7,8.4,150.0,10.7,195.7,251.3,12.1,12.2,1.33,40.0,201
2026-06-19 01:48:17.519678,1,4,14.9,85.3,4.2,150.0,6.9,177.6,234.6,20.6,10.8,1.11,27.0,183
2026-06-19 02:48:17.519678,2,4,16.0,84.6,7.9,150.0,14.6,203.1,278.0,13.4,13.8,1.1,35.8,210
2026-06-19 03:48:17.519678,3,4,15.3,92.0,6.9,150.0,12.6,167.0,241.7,10.4,17.9,1.21,32.9,174
2026-06-19 04:48:17.519678,4,4,14.4,85.3,4.4,150.0,11.2,170.8,230.2,16.6,14.6,1.27,32.6,176
2026-06-19 05:48:17.519678,5,4,16.4,82.2,4.2,150.0,15.6,185.1,230.7,20.8,11.3,1.25,33.3,189
2026-06-19 06:48:17.519678,6,4,17.4,76.8,5.2,150.0,21.2,204.7,285.8,28.6,15.3,1.35,38.9,212
2026-06-19 07:48:17.519678,7,4,20.2,72.9,2.8,158.4,39.9,226.9,318.9,42.7,12.3,1.74,36.7,236
2026-06-19 08:48:17.519678,8,4,23.4,66.0,5.2,366.1,44.0,226.0,324.7,52.2,15.2,1.34,37.6,235
2026-06-19 09:48:17.519678,9,4,27.4,62.1,1.7,615.0,64.6,251.5,375.7,85.7,13.9,1.45,44.5,263
2026-06-19 10:48:17.519678,10,4,25.7,56.4,8.7,650.9,53.9,208.8,326.7,51.8,6.3,1.43,41.9,220
2026-06-19 11:48:17.519678,11,4,33.2,45.1,4.9,801.0,28.4,174.0,258.2,38.0,10.2,0.97,51.6,182
2026-06-19 12:48:17.519678,12,4,29.1,38.3,12.0,942.7,20.6,125.7,200.4,15.7,14.0,0.56,50.0,133
2026-06-19 13:48:17.519678,13,4,33.4,32.8,9.3,1018.7,14.1,84.7,143.1,21.3,12.5,0.75,52.5,90
2026-06-19 14:48:17.519678,14,4,35.5,37.4,10.4,987.4,16.7,130.1,233.1,23.1,10.1,0.79,55.4,140
2026-06-19 15:48:17.519678,15,4,35.4,31.7,10.2,949.7,25.8,118.1,237.1,30.5,10.9,0.89,51.5,129
2026-06-19 16:48:17.519678,16,4,33.7,29.4,11.3,990.7,34.0,148.6,243.4,33.2,8.3,1.1,48.4,158
2026-06-19 17:48:17.519678,17,4,33.3,39.5,14.8,911.2,52.1,193.0,294.4,34.1,12.0,1.22,46.6,203
2026-06-19 18:48:17.519678,18,4,31.3,49.8,6.9,748.9,58.3,204.5,335.3,53.6,16.6,1.44,40.3,217
2026-06-19 19:48:17.519678,19,4,29.1,47.5,14.0,559.6,44.1,170.3,273.5,38.7,13.9,1.08,41.7,180
2026-06-19 20:48:17.519678,20,4,28.9,56.0,11.5,359.6,30.7,179.4,277.1,25.4,16.8,1.18,46.2,189
2026-06-19 21:48:17.519678,21,4,25.5,60.2,7.6,203.2,24.6,221.0,295.3,26.7,14.5,1.46,43.5,228
2026-06-19 22:48:17.519678,22,4,21.4,66.2,6.9,150.0,9.7,182.1,277.4,11.0,15.1,1.11,38.2,191
2026-06-19 23:48:17.519678,23,4,21.3,75.3,11.4,150.0,10.9,185.6,242.5,8.3,16.9,1.15,28.0,191
2026-06-20 00:48:17.519678,0,5,18.4,76.8,5.1,150.0,15.5,206.5,264.4,14.6,13.8,1.23,43.5,212
2026-06-20 01:48:17.519678,1,5,17.6,82.5,3.7,150.0,11.1,201.5,269.1,14.5,12.6,1.25,40.1,208
2026-06-20 02:48:17.519678,2,5,16.3,85.1,7.4,150.0,11.8,191.6,249.3,20.3,15.1,1.14,34.7,197
2026-06-20 03:48:17.519678,3,5,13.8,83.0,5.2,150.0,13.3,188.6,254.3,14.4,15.9,1.31,39.6,195
2026-06-20 04:48:17.519678,4,5,14.5,87.1,2.3,150.0,9.6,190.2,228.8,19.4,12.0,1.3,25.6,194
2026-06-20 05:48:17.519678,5,5,17.5,81.1,4.4,150.0,11.9,203.7,299.0,15.2,11.6,1.3,43.9,213
2026-06-20 06:48:17.519678,6,5,18.8,75.4,2.1,150.0,22.6,223.9,333.3,36.4,13.3,1.23,29.1,234
2026-06-20 07:48:17.519678,7,5,20.0,74.1,6.7,344.5,26.3,186.4,224.1,30.4,14.1,1.18,37.1,190
2026-06-20 08:48:17.519678,8,5,22.6,63.8,7.3,555.5,43.7,211.0,322.8,28.2,13.9,1.33,32.9,222
2026-06-20 09:48:17.519678,9,5,26.9,60.1,7.1,585.6,57.5,210.7,289.6,61.1,9.4,1.52,41.3,218
2026-06-20 10:48:17.519678,10,5,26.7,53.5,7.7,690.8,53.0,182.2,291.1,58.8,16.0,1.38,43.1,193
2026-06-20 11:48:17.519678,11,5,30.8,50.8,11.5,851.0,30.8,132.7,210.5,25.0,10.9,1.0,48.7,140
2026-06-20 12:48:17.519678,12,5,31.8,43.7,9.0,964.0,17.9,99.6,175.1,14.6,11.6,0.88,55.2,107
2026-06-20 13:48:17.519678,13,5,33.3,38.3,7.6,963.5,16.1,108.3,186.4,16.2,10.4,0.94,53.9,116
2026-06-20 14:48:17.519678,14,5,36.3,38.3,11.7,1089.8,8.9,105.9,211.3,6.8,17.5,0.53,55.3,116
2026-06-20 15:48:17.519678,15,5,36.2,39.2,15.6,991.1,21.7,103.6,158.6,22.6,12.6,0.93,53.4,109
2026-06-20 16:48:17.519678,16,5,35.9,37.5,9.8,944.5,33.1,141.6,246.2,23.1,10.5,0.99,59.8,152
2026-06-20 17:48:17.519678,17,5,35.6,38.4,11.3,857.6,48.4,160.1,279.5,40.6,13.9,1.23,50.4,172
2026-06-20 18:48:17.519678,18,5,32.1,38.4,12.7,721.1,64.0,202.8,327.2,67.7,13.7,1.35,51.3,215
2026-06-20 19:48:17.519678,19,5,31.0,44.3,11.4,597.2,45.5,169.0,310.8,39.0,11.9,1.22,54.4,183
2026-06-20 20:48:17.519678,20,5,27.1,52.6,8.9,369.1,36.1,197.8,284.5,42.1,14.1,1.11,35.0,206
2026-06-20 21:48:17.519678,21,5,25.5,58.2,12.2,216.8,20.4,188.8,298.1,22.6,11.0,1.12,49.0,199
2026-06-20 22:48:17.519678,22,5,22.2,65.9,13.7,150.0,14.5,197.4,281.7,6.2,12.0,1.17,51.3,205
2026-06-20 23:48:17.519678,23,5,20.1,72.7,8.4,150.0,15.0,195.0,300.1,20.3,9.0,1.25,38.4,205
2026-06-21 00:48:17.519678,0,6,18.8,79.3,5.2,150.0,14.6,175.7,244.8,18.3,10.4,1.24,38.7,182
2026-06-21 01:48:17.519678,1,6,15.1,81.4,2.9,150.0,19.9,223.1,297.2,26.0,16.6,1.37,35.7,230
2026-06-21 02:48:17.519678,2,6,18.5,85.6,5.7,150.0,10.7,190.3,285.1,16.1,16.3,1.07,34.2,199
2026-06-21 03:48:17.519678,3,6,13.5,85.2,6.7,150.0,12.0,191.1,250.4,17.6,13.1,1.1,30.3,197
2026-06-21 04:48:17.519678,4,6,13.5,78.2,5.1,150.0,19.2,200.6,249.9,26.7,16.3,1.39,22.0,205
2026-06-21 05:48:17.519678,5,6,18.1,78.8,4.0,150.0,13.4,186.2,248.6,25.5,12.7,1.19,34.8,192
2026-06-21 06:48:17.519678,6,6,19.1,77.2,3.0,150.0,23.3,215.1,310.2,33.2,12.5,1.52,37.1,224
2026-06-21 07:48:17.519678,7,6,20.9,68.9,2.4,279.5,38.4,231.6,353.8,40.4,12.6,1.36,38.7,243
2026-06-21 08:48:17.519678,8,6,23.4,68.3,6.8,442.5,48.4,187.3,271.1,45.6,12.1,1.41,43.8,195
2026-06-21 09:48:17.519678,9,6,25.0,64.6,7.8,540.6,62.7,216.4,336.0,75.0,11.8,1.67,33.6,228
2026-06-21 10:48:17.519678,10,6,26.2,57.2,3.9,696.4,45.4,183.7,245.9,52.3,14.5,1.19,38.6,189
2026-06-21 11:48:17.519678,11,6,30.1,46.9,11.2,748.4,34.6,164.0,246.8,45.6,12.5,0.99,56.0,172
2026-06-21 12:48:17.519678,12,6,31.1,46.8,10.2,901.8,20.5,142.0,221.4,28.4,13.6,0.91,48.7,149
2026-06-21 13:48:17.519678,13,6,35.1,38.8,12.8,1024.1,17.8,95.5,170.8,19.6,14.2,0.82,56.2,102
2026-06-21 14:48:17.519678,14,6,34.4,34.8,8.1,1028.8,13.3,93.9,175.9,17.2,12.9,0.68,54.3,102
2026-06-21 15:48:17.519678,15,6,33.8,33.2,8.7,1004.6,13.1,95.5,191.5,15.0,10.2,0.84,49.9,105
2026-06-21 16:48:17.519678,16,6,34.2,34.9,11.6,922.1,33.6,129.1,211.0,24.1,9.5,0.99,61.7,137
2026-06-21 17:48:17.519678,17,6,34.3,37.2,13.0,824.6,41.8,157.7,258.1,40.0,12.5,1.15,49.5,167
2026-06-21 18:48:17.519678,18,6,31.2,42.8,15.5,667.0,58.7,215.2,324.6,60.9,11.9,1.43,40.7,226
2026-06-21 19:48:17.519678,19,6,28.8,48.0,12.9,590.2,53.8,188.6,268.3,47.8,12.4,1.28,42.5,196
2026-06-21 20:48:17.519678,20,6,28.0,53.5,10.3,421.0,32.3,196.2,289.9,34.1,12.3,1.13,35.1,205
2026-06-21 21:48:17.519678,21,6,25.4,61.3,7.9,269.3,27.5,173.2,253.3,32.8,17.7,1.32,38.9,181
2026-06-21 22:48:17.519678,22,6,21.7,70.0,11.5,150.0,19.9,189.5,267.0,16.0,10.3,1.41,34.5,197
2026-06-21 23:48:17.519678,23,6,19.3,75.3,6.1,150.0,12.5,184.5,260.2,13.9,9.0,1.26,39.8,192
2026-06-22 00:48:17.519678,0,0,18.3,73.2,10.2,150.0,15.1,216.2,304.0,11.4,13.7,1.28,32.4,224
2026-06-22 01:48:17.519678,1,0,14.2,74.0,5.4,150.0,14.8,189.5,258.6,14.7,12.2,1.32,35.0,196
2026-06-22 02:48:17.519678,2,0,13.2,87.0,8.4,150.0,8.7,149.2,229.8,5.0,13.6,1.27,37.4,157
2026-06-22 03:48:17.519678,3,0,13.9,80.9,5.9,150.0,11.2,157.8,197.1,10.7,14.2,1.3,34.5,161
2026-06-22 04:48:17.519678,4,0,15.0,83.5,3.9,150.0,12.8,193.8,250.8,26.4,15.6,1.23,29.3,199
2026-06-22 05:48:17.519678,5,0,16.8,78.1,3.0,150.0,7.7,197.5,329.9,12.5,10.0,1.21,34.6,210
2026-06-22 06:48:17.519678,6,0,20.1,72.3,3.5,150.0,19.9,210.7,275.3,27.3,11.9,1.41,28.8,217
2026-06-22 07:48:17.519678,7,0,21.3,74.1,5.4,278.9,30.6,207.0,262.7,30.6,13.4,1.12,36.8,212
2026-06-22 08:48:17.519678,8,0,22.2,68.7,5.3,331.7,43.4,235.9,346.3,50.5,14.0,1.37,32.2,246
2026-06-22 09:48:17.519678,9,0,25.0,58.3,4.8,615.9,61.6,210.0,264.9,68.2,16.6,1.27,41.6,215
2026-06-22 10:48:17.519678,10,0,26.1,45.8,6.6,713.1,52.9,206.8,307.5,56.5,14.1,1.38,53.5,216
2026-06-22 11:48:17.519678,11,0,30.0,45.9,8.2,805.8,32.5,127.9,252.5,34.4,12.1,1.08,50.0,140
2026-06-22 12:48:17.519678,12,0,31.6,43.5,4.8,926.8,18.5,108.8,155.7,21.7,10.4,0.86,40.8,113
2026-06-22 13:48:17.519678,13,0,34.1,33.9,10.9,890.7,18.3,94.4,136.0,13.2,11.0,0.75,52.8,98
2026-06-22 14:48:17.519678,14,0,33.4,36.4,8.9,1020.4,18.6,105.7,158.3,29.9,11.0,0.81,52.7,110
2026-06-22 15:48:17.519678,15,0,35.8,35.0,9.2,928.1,21.0,121.8,228.3,18.4,13.5,0.96,56.5,132
2026-06-22 16:48:17.519678,16,0,37.0,37.6,8.5,852.0,28.3,143.0,258.4,32.3,12.7,1.08,52.5,154
2026-06-22 17:48:17.519678,17,0,33.5,38.7,8.4,748.1,51.2,187.0,281.9,54.9,9.6,1.3,50.9,196
2026-06-22 18:48:17.519678,18,0,32.7,39.4,9.2,755.6,64.8,191.5,311.1,58.8,11.3,1.52,42.1,203
2026-06-22 19:48:17.519678,19,0,31.0,51.1,10.0,523.8,47.7,199.7,326.6,51.1,14.0,1.42,42.4,212
2026-06-22 20:48:17.519678,20,0,27.0,53.1,14.7,476.7,39.9,172.2,297.1,41.8,13.0,1.06,46.4,184
2026-06-22 21:48:17.519678,21,0,25.3,59.9,8.9,217.9,17.6,209.0,298.9,27.9,13.8,1.09,37.5,218
2026-06-22 22:48:17.519678,22,0,22.4,63.7,9.4,150.0,16.0,188.1,227.6,15.2,13.8,1.44,43.1,192
2026-06-22 23:48:17.519678,23,0,20.1,71.2,8.8,150.0,12.4,180.2,241.0,8.1,16.3,1.35,31.5,186
2026-06-23 00:48:17.519678,0,1,16.8,75.0,7.2,150.0,15.9,217.5,294.2,15.9,13.5,1.34,42.4,225
2026-06-23 01:48:17.519678,1,1,16.4,81.1,5.8,150.0,8.0,164.4,223.6,13.4,12.2,1.04,29.4,170
2026-06-23 02:48:17.519678,2,1,16.1,89.3,2.8,150.0,12.8,179.9,238.7,22.6,11.2,1.25,30.9,185
2026-06-23 03:48:17.519678,3,1,17.2,80.9,7.4,150.0,10.6,169.2,257.7,11.6,13.5,1.17,36.1,178
2026-06-23 04:48:17.519678,4,1,16.8,79.3,7.8,150.0,15.6,191.9,291.6,8.4,8.1,1.33,31.5,201
2026-06-23 05:48:17.519678,5,1,19.6,86.1,1.0,150.0,19.8,236.2,314.7,50.2,12.6,1.28,34.2,244
2026-06-23 06:48:17.519678,6,1,16.8,77.0,2.1,172.4,22.3,224.1,331.7,44.3,12.5,1.21,33.6,234
2026-06-23 07:48:17.519678,7,1,21.3,70.5,4.0,226.7,22.1,237.8,339.9,29.7,9.9,0.97,42.4,248
2026-06-23 08:48:17.519678,8,1,22.7,69.6,3.2,333.7,58.2,211.0,299.9,64.7,10.6,1.7,39.7,219
2026-06-23 09:48:17.519678,9,1,28.3,58.2,7.0,534.6,61.2,232.4,353.7,62.2,13.9,1.46,41.9,244
2026-06-23 10:48:17.519678,10,1,26.4,59.0,5.5,713.0,46.9,177.1,264.5,49.7,12.7,1.26,40.9,185
2026-06-23 11:48:17.519678,11,1,28.7,49.5,12.3,776.1,32.2,144.7,269.7,36.1,12.4,1.01,57.6,157
2026-06-23 12:48:17.519678,12,1,31.2,40.9,11.4,871.8,20.5,117.3,171.0,23.0,12.8,0.71,54.9,122
2026-06-23 13:48:17.519678,13,1,30.5,44.8,10.4,996.7,13.2,89.9,150.7,13.2,12.3,0.57,45.6,95
2026-06-23 14:48:17.519678,14,1,33.9,34.0,12.9,997.6,16.7,133.3,223.5,13.4,14.6,0.65,54.8,142
2026-06-23 15:48:17.519678,15,1,33.9,37.2,13.7,981.2,17.3,123.1,219.0,16.5,12.4,0.69,52.3,132
2026-06-23 16:48:17.519678,16,1,34.9,36.7,10.7,881.7,29.9,140.3,258.4,31.3,9.3,1.0,53.1,152
2026-06-23 17:48:17.519678,17,1,34.2,42.3,10.4,812.7,47.3,193.3,297.0,43.9,15.4,1.15,45.5,203
2026-06-23 18:48:17.519678,18,1,34.9,47.0,12.0,653.8,54.3,176.2,243.1,52.9,13.0,1.54,49.5,182
2026-06-23 19:48:17.519678,19,1,31.4,47.6,13.2,599.8,50.6,178.7,291.0,50.0,11.1,1.43,56.8,189
2026-06-23 20:48:17.519678,20,1,26.7,51.3,11.1,451.8,33.9,156.1,257.1,37.4,9.8,1.21,46.2,166
2026-06-23 21:48:17.519678,21,1,23.7,61.4,6.8,152.4,21.8,192.1,241.8,30.4,13.8,1.37,27.9,197
2026-06-23 22:48:17.519678,22,1,23.1,64.4,7.4,150.0,19.1,200.8,289.4,21.6,12.8,1.5,46.7,209
2026-06-23 23:48:17.519678,23,1,18.0,78.5,7.9,150.0,16.4,195.6,239.6,12.0,16.1,1.29,40.9,199
2026-06-24 00:48:17.519678,0,2,20.7,78.1,6.8,150.0,12.9,191.7,253.4,14.3,12.3,1.26,36.6,197
2026-06-24 01:48:17.519678,1,2,18.1,80.6,9.9,150.0,18.4,174.9,224.9,19.8,11.3,1.36,38.3,179
2026-06-24 02:48:17.519678,2,2,14.6,84.7,2.4,150.0,9.6,206.0,296.2,11.9,14.8,1.28,27.1,215
2026-06-24 03:48:17.519678,3,2,12.4,81.0,5.5,150.0,11.4,192.0,267.2,22.6,14.9,1.3,25.3,199
2026-06-24 04:48:17.519678,4,2,17.4,81.2,7.1,150.0,11.2,197.8,246.4,15.0,13.3,1.19,41.8,202
2026-06-24 05:48:17.519678,5,2,16.2,85.3,8.5,150.0,20.1,170.9,251.6,23.5,14.4,1.32,30.7,178
2026-06-24 06:48:17.519678,6,2,19.8,75.7,3.3,150.0,23.5,215.5,270.9,37.0,12.9,1.48,25.7,221
2026-06-24 07:48:17.519678,7,2,17.6,69.4,5.5,208.6,33.5,197.9,288.4,32.4,13.2,1.45,32.6,206
2026-06-24 08:48:17.519678,8,2,21.5,68.1,6.3,408.8,54.3,220.2,295.5,56.5,14.7,1.42,34.8,227
2026-06-24 09:48:17.519678,9,2,25.0,63.6,6.4,528.0,56.5,225.4,314.9,55.0,13.5,1.28,45.5,234
2026-06-24 10:48:17.519678,10,2,27.7,55.7,6.8,686.4,51.4,195.1,299.1,49.8,11.9,1.3,43.3,205
2026-06-24 11:48:17.519678,11,2,29.3,50.5,8.9,907.9,31.1,127.0,215.1,27.5,14.9,1.04,45.3,135
2026-06-24 12:48:17.519678,12,2,33.0,40.1,4.0,986.6,23.1,124.9,237.1,36.7,7.4,1.03,56.2,136
2026-06-24 13:48:17.519678,13,2,32.1,34.1,11.4,914.6,15.5,91.8,170.5,14.7,16.3,0.62,52.6,99
2026-06-24 14:48:17.519678,14,2,34.4,40.4,11.1,1041.5,14.4,117.8,207.0,19.1,8.7,0.67,50.7,126
2026-06-24 15:48:17.519678,15,2,35.2,34.0,11.0,1020.1,21.9,111.0,188.3,13.1,10.9,0.79,61.7,118
2026-06-24 16:48:17.519678,16,2,35.4,35.1,16.0,862.2,35.1,165.3,270.5,39.3,12.1,1.18,54.6,175
2026-06-24 17:48:17.519678,17,2,34.7,42.3,10.7,865.2,47.4,159.9,262.8,50.7,11.9,1.22,51.6,170
2026-06-24 18:48:17.519678,18,2,30.4,44.0,11.1,776.9,59.8,187.3,286.3,57.0,14.2,1.33,46.7,197
2026-06-24 19:48:17.519678,19,2,27.7,48.9,15.4,499.2,45.8,189.6,251.3,42.0,10.2,1.34,38.7,195
2026-06-24 20:48:17.519678,20,2,29.5,60.0,9.2,354.1,21.6,193.9,290.7,24.7,12.9,0.97,45.3,203
2026-06-24 21:48:17.519678,21,2,25.5,58.1,8.9,295.6,20.5,174.5,267.7,33.3,11.4,0.92,42.3,183
2026-06-24 22:48:17.519678,22,2,21.3,69.3,8.7,150.0,18.3,206.1,278.9,11.0,13.6,1.25,38.5,213
2026-06-24 23:48:17.519678,23,2,22.3,72.7,9.7,150.0,16.1,187.1,239.4,21.5,12.9,1.48,46.0,192
2026-06-25 00:48:17.519678,0,3,18.1,78.5,7.4,150.0,7.2,150.9,242.9,6.0,13.2,1.21,37.2,160
2026-06-25 01:48:17.519678,1,3,18.1,86.2,3.4,150.0,13.6,187.1,264.1,20.9,11.9,1.28,38.9,194
2026-06-25 02:48:17.519678,2,3,15.4,85.7,4.1,150.0,6.1,165.0,221.4,11.6,12.0,1.13,32.4,170
2026-06-25 03:48:17.519678,3,3,18.1,86.6,3.3,150.0,20.5,206.8,256.8,25.3,13.6,1.4,39.5,211
2026-06-25 04:48:17.519678,4,3,18.0,87.4,4.0,150.0,10.7,172.0,217.3,17.2,14.9,1.26,36.8,176
2026-06-25 05:48:17.519678,5,3,16.0,80.6,4.9,150.0,20.8,217.4,324.2,19.3,11.8,1.41,32.3,228
2026-06-25 06:48:17.519678,6,3,19.4,75.2,5.0,150.0,23.5,206.0,290.4,32.4,11.3,1.43,35.0,214
2026-06-25 07:48:17.519678,7,3,21.0,69.4,1.0,168.2,28.0,237.4,322.2,46.2,14.1,1.5,30.8,245
2026-06-25 08:48:17.519678,8,3,24.5,60.6,7.3,425.7,45.5,220.3,328.2,47.8,12.3,1.32,42.1,231
2026-06-25 09:48:17.519678,9,3,23.6,66.2,6.5,583.9,61.4,233.6,314.4,58.2,13.9,1.39,37.2,241
2026-06-25 10:48:17.519678,10,3,28.6,50.2,9.7,696.9,46.7,183.6,308.5,39.2,10.4,1.18,42.9,196
2026-06-25 11:48:17.519678,11,3,31.6,46.8,8.9,880.5,32.0,132.3,241.5,33.2,8.6,0.8,55.1,143
2026-06-25 12:48:17.519678,12,3,29.4,41.5,11.2,902.9,17.8,92.9,158.3,10.9,11.1,0.98,43.0,99
2026-06-25 13:48:17.519678,13,3,31.9,39.3,10.9,1007.8,8.8,85.3,146.9,10.9,10.6,0.72,50.1,91
2026-06-25 14:48:17.519678,14,3,31.6,38.3,13.5,949.0,7.0,88.9,112.6,2.0,12.0,0.53,57.9,91
2026-06-25 15:48:17.519678,15,3,34.6,37.6,12.5,978.4,20.7,117.5,173.1,23.3,10.9,0.78,55.8,123
2026-06-25 16:48:17.519678,16,3,35.7,34.1,11.7,910.9,29.3,130.7,195.8,24.3,13.6,0.89,55.2,137
2026-06-25 17:48:17.519678,17,3,35.9,37.8,16.5,835.5,47.8,180.6,287.2,42.6,11.6,1.39,55.1,191
2026-06-25 18:48:17.519678,18,3,32.2,43.2,13.6,681.5,62.8,199.4,298.2,60.2,12.5,1.35,48.5,209
2026-06-25 19:48:17.519678,19,3,32.4,46.8,12.6,548.7,54.7,209.2,287.6,47.8,12.6,1.41,41.6,217
2026-06-25 20:48:17.519678,20,3,25.5,58.4,8.3,441.3,30.5,203.6,292.3,30.8,12.7,1.07,40.8,212
2026-06-25 21:48:17.519678,21,3,22.4,61.5,7.4,222.9,18.4,195.1,294.6,13.0,12.6,1.21,48.7,205
2026-06-25 22:48:17.519678,22,3,22.3,68.7,9.6,150.0,17.8,194.5,288.4,22.3,14.0,1.32,36.3,203
2026-06-25 23:48:17.519678,23,3,20.6,74.5,8.3,150.0,9.7,174.7,209.5,21.1,11.4,1.04,36.0,178
2026-06-26 00:48:17.519678,0,4,17.9,81.2,5.7,150.0,15.9,185.4,253.6,33.5,15.8,1.28,30.4,192
2026-06-26 01:48:17.519678,1,4,13.2,82.2,6.3,150.0,17.2,183.6,225.3,20.7,12.5,1.23,28.4,187
2026-06-26 02:48:17.519678,2,4,15.2,80.3,8.3,150.0,17.7,187.7,277.8,23.5,10.4,1.34,28.0,196
2026-06-26 03:48:17.519678,3,4,13.0,86.2,5.9,150.0,7.3,193.1,277.8,2.7,13.4,1.32,32.8,201
2026-06-26 04:48:17.519678,4,4,16.3,82.2,1.9,150.0,12.0,198.6,254.5,34.5,11.3,1.07,32.1,204
2026-06-26 05:48:17.519678,5,4,16.9,80.1,3.8,150.0,12.3,172.5,224.9,22.9,14.3,1.17,36.8,177
2026-06-26 06:48:17.519678,6,4,16.5,79.4,2.5,150.0,20.1,235.6,313.5,27.6,17.4,1.31,26.8,243
2026-06-26 07:48:17.519678,7,4,19.2,76.2,3.8,205.5,33.5,223.8,264.9,44.3,11.2,1.35,31.9,227
2026-06-26 08:48:17.519678,8,4,20.8,66.5,4.3,365.5,56.0,214.5,312.3,56.1,13.1,1.59,33.3,224
2026-06-26 09:48:17.519678,9,4,24.9,60.9,5.0,509.5,58.0,216.4,307.1,55.9,8.8,1.45,41.6,225
2026-06-26 10:48:17.519678,10,4,29.0,58.6,4.5,658.4,48.1,195.8,307.0,52.4,13.1,1.31,40.6,206
2026-06-26 11:48:17.519678,11,4,28.5,48.2,7.7,820.9,36.2,182.2,256.4,31.1,10.4,1.0,50.7,189
2026-06-26 12:48:17.519678,12,4,32.8,50.1,7.9,883.8,20.9,110.8,171.6,27.7,10.9,0.85,57.6,116
2026-06-26 13:48:17.519678,13,4,32.9,40.0,4.1,1013.7,21.0,133.2,191.0,20.8,9.9,0.89,47.4,138
2026-06-26 14:48:17.519678,14,4,33.5,30.6,14.9,1074.4,17.1,121.5,193.4,12.1,13.6,0.68,51.5,128
2026-06-26 15:48:17.519678,15,4,34.8,37.3,13.6,950.6,15.1,100.8,157.5,11.3,14.2,0.81,53.0,106
2026-06-26 16:48:17.519678,16,4,33.1,37.0,11.1,931.6,26.2,125.2,233.0,30.1,12.2,0.91,64.9,135
2026-06-26 17:48:17.519678,17,4,32.8,42.2,12.0,849.2,43.8,148.2,224.9,38.9,10.4,1.28,48.4,155
2026-06-26 18:48:17.519678,18,4,30.3,44.3,9.5,723.6,62.6,202.2,309.9,52.8,15.4,1.46,54.4,213
2026-06-26 19:48:17.519678,19,4,32.9,47.1,14.9,559.1,54.8,208.1,305.2,48.3,10.8,1.44,43.4,217
2026-06-26 20:48:17.519678,20,4,27.6,49.9,14.6,437.1,39.0,207.0,283.8,36.9,8.0,1.21,39.5,214
2026-06-26 21:48:17.519678,21,4,24.0,59.4,10.3,268.8,23.1,207.5,298.9,17.8,13.5,1.11,38.5,216
2026-06-26 22:48:17.519678,22,4,22.7,63.9,11.1,150.0,20.5,187.7,284.8,15.4,10.8,1.4,36.5,197
2026-06-26 23:48:17.519678,23,4,19.8,70.8,8.4,150.0,12.8,158.8,205.7,25.6,15.0,1.31,34.9,163
2026-06-27 00:48:17.519678,0,5,17.6,79.4,4.3,150.0,10.4,188.4,277.5,12.0,12.2,1.1,31.4,197
2026-06-27 01:48:17.519678,1,5,17.3,86.7,5.2,150.0,18.4,203.8,258.6,20.7,14.2,1.49,29.5,209
2026-06-27 02:48:17.519678,2,5,16.5,85.3,5.4,150.0,16.7,200.2,262.3,18.7,15.8,1.13,38.7,206
2026-06-27 03:48:17.519678,3,5,14.2,81.4,3.6,150.0,15.4,192.9,276.3,20.1,10.6,1.23,36.2,201
2026-06-27 04:48:17.519678,4,5,14.5,85.5,3.7,150.0,16.6,201.3,260.0,26.2,11.9,1.31,34.5,207
2026-06-27 05:48:17.519678,5,5,15.9,85.2,3.8,150.0,17.1,222.6,301.9,28.0,12.8,1.36,33.9,230
2026-06-27 06:48:17.519678,6,5,14.5,75.8,4.0,218.2,24.9,210.0,286.1,28.4,15.8,1.39,30.0,217
2026-06-27 07:48:17.519678,7,5,17.7,72.1,4.6,205.4,36.7,216.5,306.4,33.3,11.4,1.25,30.5,225
2026-06-27 08:48:17.519678,8,5,24.5,66.5,3.1,330.9,52.2,229.2,277.1,63.2,11.3,1.43,33.3,234
2026-06-27 09:48:17.519678,9,5,27.5,57.6,4.6,570.5,63.4,223.1,287.4,63.1,13.2,1.31,43.5,229
2026-06-27 10:48:17.519678,10,5,27.2,55.5,4.4,736.1,52.1,217.1,330.1,62.4,11.0,1.32,35.6,228
2026-06-27 11:48:17.519678,11,5,30.9,47.1,10.0,812.7,29.7,144.1,250.3,18.5,12.5,1.0,45.2,154
2026-06-27 12:48:17.519678,12,5,32.5,43.6,4.8,992.3,22.8,121.9,185.4,27.7,9.0,1.0,57.0,128
2026-06-27 13:48:17.519678,13,5,38.3,35.7,12.3,912.6,10.3,99.8,176.4,21.3,16.6,0.68,68.3,107
2026-06-27 14:48:17.519678,14,5,36.3,34.5,13.6,1034.6,20.1,125.8,221.8,18.6,9.4,0.9,58.7,135
2026-06-27 15:48:17.519678,15,5,34.8,37.2,10.9,949.3,15.0,140.1,246.3,15.1,11.5,0.79,60.8,150
2026-06-27 16:48:17.519678,16,5,33.2,34.7,6.7,1005.6,32.7,140.5,194.3,35.4,12.1,0.95,50.1,145
2026-06-27 17:48:17.519678,17,5,31.3,43.5,11.3,923.9,46.7,162.0,238.0,41.9,16.0,1.07,41.6,169
2026-06-27 18:48:17.519678,18,5,32.4,41.1,11.7,661.7,62.2,210.7,314.3,57.0,9.6,1.51,51.2,221
2026-06-27 19:48:17.519678,19,5,28.9,48.2,9.4,527.8,49.9,170.0,276.6,46.4,16.3,1.19,47.8,180
2026-06-27 20:48:17.519678,20,5,25.5,56.3,9.8,443.0,25.2,188.2,329.6,22.6,13.9,1.13,43.6,202
2026-06-27 21:48:17.519678,21,5,24.0,55.7,13.1,225.4,21.4,194.3,283.4,27.7,13.5,1.15,39.9,203
2026-06-27 22:48:17.519678,22,5,20.8,61.2,10.4,150.0,13.5,195.1,256.5,17.4,11.0,1.39,43.0,201
2026-06-27 23:48:17.519678,23,5,22.5,67.9,6.2,150.0,18.6,187.9,278.0,22.9,14.1,1.3,34.8,196
2026-06-28 00:48:17.519678,0,6,19.3,81.5,3.8,150.0,15.0,191.0,289.6,25.5,11.6,1.32,31.7,200
2026-06-28 01:48:17.519678,1,6,16.3,80.0,5.3,150.0,16.6,190.3,265.5,19.2,15.5,1.34,27.6,197
2026-06-28 02:48:17.519678,2,6,17.6,91.8,4.7,150.0,11.2,204.5,254.2,12.5,11.1,1.23,35.2,209
2026-06-28 03:48:17.519678,3,6,15.1,83.3,5.5,150.0,12.6,184.6,272.5,13.8,12.8,1.21,26.3,193
2026-06-28 04:48:17.519678,4,6,14.0,84.7,3.1,150.0,13.3,227.5,321.3,21.7,11.9,1.3,26.3,236
2026-06-28 05:48:17.519678,5,6,18.6,86.3,5.0,150.0,19.3,207.3,260.0,18.0,11.0,1.26,32.0,212
2026-06-28 06:48:17.519678,6,6,18.7,83.7,8.0,150.0,26.5,189.9,267.6,25.1,14.5,1.34,33.7,197
2026-06-28 07:48:17.519678,7,6,18.4,78.7,6.2,230.8,28.3,203.2,301.1,27.8,13.7,1.38,26.9,212
2026-06-28 08:48:17.519678,8,6,22.1,70.1,5.1,386.0,54.4,220.0,333.6,65.5,14.8,1.55,35.4,231
2026-06-28 09:48:17.519678,9,6,23.7,63.1,5.6,594.8,51.3,170.8,250.3,37.6,8.7,1.34,45.9,178
2026-06-28 10:48:17.519678,10,6,25.5,55.3,6.3,717.0,45.3,205.8,296.1,44.6,14.3,1.39,41.8,214
2026-06-28 11:48:17.519678,11,6,31.4,49.8,10.4,852.8,27.7,150.2,260.0,36.5,17.2,0.91,56.7,161
2026-06-28 12:48:17.519678,12,6,34.9,40.7,7.8,968.0,14.3,117.2,175.6,17.4,11.3,0.85,61.9,123
2026-06-28 13:48:17.519678,13,6,31.6,35.9,10.1,963.0,9.6,104.0,195.3,15.4,15.9,0.67,55.2,113
2026-06-28 14:48:17.519678,14,6,35.5,35.8,10.9,969.4,17.6,91.9,143.4,19.1,11.6,0.66,56.1,97
2026-06-28 15:48:17.519678,15,6,34.0,34.5,10.5,925.3,18.9,111.9,219.2,16.5,9.4,0.98,54.3,122
2026-06-28 16:48:17.519678,16,6,33.9,34.5,9.1,878.3,33.1,158.2,253.0,21.8,11.6,1.11,57.3,167
2026-06-28 17:48:17.519678,17,6,32.8,40.4,12.6,971.7,52.8,149.0,266.8,50.9,14.3,1.28,47.3,160
2026-06-28 18:48:17.519678,18,6,30.8,45.2,11.7,762.2,61.1,160.4,262.2,53.6,10.5,1.52,37.2,170
2026-06-28 19:48:17.519678,19,6,30.1,47.8,12.5,487.7,52.7,209.6,289.9,45.8,11.1,1.35,49.0,217
2026-06-28 20:48:17.519678,20,6,26.3,58.0,9.8,333.9,31.3,195.0,315.6,28.7,13.6,1.25,38.1,207
2026-06-28 21:48:17.519678,21,6,25.4,56.6,12.4,268.8,15.0,180.5,300.4,24.6,12.6,0.76,38.2,192
2026-06-28 22:48:17.519678,22,6,22.3,65.9,7.3,150.0,20.1,210.8,319.0,34.2,14.2,1.27,38.4,221
2026-06-28 23:48:17.519678,23,6,19.6,70.3,11.4,150.0,12.7,196.7,264.2,15.2,13.5,1.36,36.6,203
2026-06-29 00:48:17.519678,0,0,16.6,72.1,3.5,150.0,11.3,195.9,270.8,16.5,14.0,1.21,26.2,203
2026-06-29 01:48:17.519678,1,0,15.5,81.4,6.9,150.0,14.3,209.5,290.1,11.3,12.1,1.3,33.3,217
2026-06-29 02:48:17.519678,2,0,16.5,83.8,6.1,150.0,11.3,165.0,213.3,17.5,13.5,1.1,37.9,169
2026-06-29 03:48:17.519678,3,0,15.8,89.5,2.9,150.0,13.3,204.5,308.0,31.1,11.1,1.45,25.1,214
2026-06-29 04:48:17.519678,4,0,13.9,86.0,5.0,150.0,16.5,206.1,282.0,19.6,15.6,1.43,36.1,213
2026-06-29 05:48:17.519678,5,0,16.5,78.6,6.6,150.0,17.2,177.6,193.9,8.2,11.7,1.3,26.2,179
2026-06-29 06:48:17.519678,6,0,19.1,83.2,1.0,150.0,16.2,201.7,282.4,47.9,15.3,1.27,43.7,209
2026-06-29 07:48:17.519678,7,0,17.5,76.2,5.5,253.5,29.6,194.2,264.5,37.0,12.1,1.34,30.2,201
2026-06-29 08:48:17.519678,8,0,23.2,68.2,1.0,549.3,54.3,231.7,325.1,71.0,12.7,1.6,36.5,241
2026-06-29 09:48:17.519678,9,0,24.0,59.3,4.1,573.7,62.0,235.5,331.3,64.0,11.3,1.6,27.9,245
2026-06-29 10:48:17.519678,10,0,28.4,50.7,10.2,684.3,58.3,193.3,306.9,57.7,10.2,1.64,43.1,204
2026-06-29 11:48:17.519678,11,0,28.9,46.4,6.8,870.4,36.3,139.7,246.8,36.7,8.7,0.97,47.1,150
2026-06-29 12:48:17.519678,12,0,29.4,45.6,6.7,943.7,24.3,118.2,202.8,22.4,10.0,0.79,47.6,126
2026-06-29 13:48:17.519678,13,0,31.2,44.0,9.6,1000.6,10.4,115.9,188.7,17.5,11.5,0.54,47.9,123
2026-06-29 14:48:17.519678,14,0,34.7,40.5,15.0,1030.3,19.0,108.0,187.1,17.1,12.6,0.83,50.2,115
2026-06-29 15:48:17.519678,15,0,35.4,33.5,7.8,1082.4,19.5,102.9,187.3,14.0,14.2,0.8,61.7,111
2026-06-29 16:48:17.519678,16,0,33.3,32.5,9.8,863.1,29.4,139.7,219.5,19.2,11.3,0.94,53.2,147
2026-06-29 17:48:17.519678,17,0,34.6,38.8,15.0,847.9,50.7,193.0,311.5,54.0,10.4,1.36,58.9,204
2026-06-29 18:48:17.519678,18,0,29.6,37.0,15.6,653.7,63.8,201.3,321.3,62.4,9.3,1.63,41.6,213
2026-06-29 19:48:17.519678,19,0,29.9,48.5,11.3,583.1,52.0,222.6,361.4,49.9,13.2,1.2,43.7,236
2026-06-29 20:48:17.519678,20,0,25.8,53.1,8.4,354.1,28.0,194.0,314.8,26.6,15.2,1.04,47.3,206
2026-06-29 21:48:17.519678,21,0,24.0,58.6,14.2,223.8,22.7,191.7,268.7,19.9,15.2,1.27,33.7,199
2026-06-29 22:48:17.519678,22,0,22.5,61.7,12.2,150.0,13.3,225.3,339.9,9.0,14.4,1.22,35.0,236
2026-06-29 23:48:17.519678,23,0,18.7,74.0,9.4,150.0,16.0,176.8,231.6,15.4,14.3,1.23,41.4,182
2026-06-30 00:48:17.519678,0,1,17.4,76.1,5.3,150.0,13.8,186.9,276.1,7.4,16.4,1.38,29.2,195
2026-06-30 01:48:17.519678,1,1,17.8,78.1,5.9,150.0,14.1,173.6,232.9,14.1,13.7,1.15,25.9,179
2026-06-30 02:48:17.519678,2,1,14.5,75.5,4.9,150.0,18.1,213.6,276.8,20.9,14.3,1.31,39.6,219
2026-06-30 03:48:17.519678,3,1,16.3,84.9,5.2,150.0,10.8,213.3,295.0,18.6,12.4,1.26,25.7,221
2026-06-30 04:48:17.519678,4,1,13.6,89.5,7.0,150.0,22.9,229.3,253.1,24.6,10.3,1.35,29.8,231
2026-06-30 05:48:17.519678,5,1,17.1,86.6,5.8,150.0,8.5,202.2,238.6,16.9,11.6,1.27,34.2,205
2026-06-30 06:48:17.519678,6,1,20.1,76.3,2.0,150.0,17.4,205.7,282.9,37.5,13.0,1.27,21.3,213
2026-06-30 07:48:17.519678,7,1,16.3,70.7,7.3,366.0,33.0,192.3,275.0,39.1,12.5,1.31,29.3,200
2026-06-30 08:48:17.519678,8,1,21.2,67.9,5.8,421.6,52.4,197.4,274.9,54.7,16.2,1.41,37.2,205
2026-06-30 09:48:17.519678,9,1,25.9,57.0,7.4,486.4,59.6,256.0,335.7,57.8,12.5,1.57,42.0,264
2026-06-30 10:48:17.519678,10,1,27.3,54.4,9.9,671.8,49.8,198.1,277.6,43.0,14.6,1.37,48.0,206
2026-06-30 11:48:17.519678,11,1,30.6,49.8,5.8,875.3,33.2,140.9,231.2,38.8,11.3,0.95,45.9,149
2026-06-30 12:48:17.519678,12,1,31.2,46.0,9.0,1024.0,18.8,129.7,223.4,28.7,11.5,0.57,53.1,139
2026-06-30 13:48:17.519678,13,1,33.8,38.0,8.9,900.3,21.5,111.5,194.2,24.4,9.5,0.87,49.7,119
2026-06-30 14:48:17.519678,14,1,34.4,35.2,7.7,906.0,19.3,129.0,242.6,30.8,10.7,0.81,46.2,140
2026-06-30 15:48:17.519678,15,1,36.8,32.4,12.2,1073.1,23.2,107.8,202.2,15.8,13.2,0.9,51.0,117
2026-06-30 16:48:17.519678,16,1,35.0,33.4,16.9,939.1,27.7,139.3,219.4,20.9,12.2,0.9,47.6,147
2026-06-30 17:48:17.519678,17,1,34.2,37.7,8.3,780.8,49.7,179.8,277.9,52.6,14.1,1.23,55.8,189
2026-06-30 18:48:17.519678,18,1,31.5,43.4,11.8,726.7,58.8,176.7,246.9,56.8,12.6,1.62,39.5,183
2026-06-30 19:48:17.519678,19,1,29.3,50.2,12.7,423.5,46.0,210.6,311.4,50.3,11.6,1.18,46.5,220
2026-06-30 20:48:17.519678,20,1,26.9,51.1,11.1,400.2,33.0,208.4,332.2,32.3,16.7,1.22,42.8,220
2026-06-30 21:48:17.519678,21,1,25.6,64.5,9.8,261.1,17.6,183.4,280.6,14.6,12.4,0.99,43.7,193
2026-06-30 22:48:17.519678,22,1,21.8,65.7,6.4,150.0,18.4,209.7,328.2,20.2,15.3,1.31,45.9,221
2026-06-30 23:48:17.519678,23,1,20.4,72.4,8.5,150.0,10.8,169.7,236.6,5.6,12.2,1.2,36.8,176
2026-07-01 00:48:17.519678,0,2,21.0,75.4,5.5,150.0,21.9,203.8,311.6,19.5,14.4,1.31,41.4,214
2026-07-01 01:48:17.519678,1,2,17.6,74.4,1.6,150.0,11.4,194.4,269.3,33.7,14.9,1.3,33.0,201
2026-07-01 02:48:17.519678,2,2,14.9,86.8,7.6,150.0,15.9,204.7,306.0,22.6,13.4,1.44,29.8,214
2026-07-01 03:48:17.519678,3,2,16.8,87.2,6.5,150.0,18.2,198.2,267.4,22.8,8.3,1.39,44.4,205
2026-07-01 04:48:17.519678,4,2,14.7,83.3,4.2,150.0,12.8,202.8,291.2,10.0,13.0,1.27,24.5,211
2026-07-01 05:48:17.519678,5,2,13.3,81.9,4.5,150.0,19.2,218.0,327.4,22.2,15.5,1.26,35.2,228
2026-07-01 06:48:17.519678,6,2,16.4,79.2,6.3,150.0,14.8,203.2,276.9,12.0,14.1,1.34,36.8,210
2026-07-01 07:48:17.519678,7,2,17.2,67.8,5.0,287.6,37.4,218.4,314.0,45.5,13.4,1.52,28.7,227
2026-07-01 08:48:17.519678,8,2,21.9,64.9,7.0,388.3,50.1,206.4,322.1,46.5,8.9,1.37,44.8,217
2026-07-01 09:48:17.519678,9,2,25.0,62.4,5.4,557.2,57.6,217.1,309.7,52.0,10.8,1.41,30.6,226
2026-07-01 10:48:17.519678,10,2,30.1,49.8,9.6,627.6,48.8,186.2,255.8,47.2,13.1,1.24,43.8,193
2026-07-01 11:48:17.519678,11,2,30.5,48.4,8.6,809.3,34.8,150.1,279.3,31.6,13.0,1.0,42.4,163
2026-07-01 12:48:17.519678,12,2,31.7,38.3,9.4,917.1,17.4,112.5,186.3,26.3,14.6,0.5,52.5,119
2026-07-01 13:48:17.519678,13,2,34.9,39.7,7.5,1110.6,12.9,78.3,153.2,12.0,11.8,0.72,50.1,85
2026-07-01 14:48:17.519678,14,2,31.3,35.7,11.4,944.4,15.0,81.8,180.9,9.2,13.0,0.65,53.9,91
2026-07-01 15:48:17.519678,15,2,35.4,30.2,9.8,1052.8,15.0,90.8,161.8,5.8,12.2,0.56,55.9,97
2026-07-01 16:48:17.519678,16,2,35.8,39.3,10.6,969.5,38.8,147.5,220.1,37.6,10.2,1.16,51.8,154
2026-07-01 17:48:17.519678,17,2,31.4,36.1,10.4,838.3,47.8,151.0,252.5,43.1,7.7,1.13,50.4,161
2026-07-01 18:48:17.519678,18,2,33.8,39.9,9.7,787.9,63.3,200.0,272.3,52.9,13.1,1.44,48.9,207
2026-07-01 19:48:17.519678,19,2,30.5,48.1,15.7,573.9,50.9,229.7,334.3,53.7,12.6,1.48,40.8,240
2026-07-01 20:48:17.519678,20,2,27.0,57.0,13.5,419.5,27.6,197.4,296.0,30.4,11.1,0.91,58.3,207
2026-07-01 21:48:17.519678,21,2,25.9,57.0,13.8,242.1,19.7,212.6,305.4,19.8,9.4,0.96,41.7,221
2026-07-01 22:48:17.519678,22,2,25.8,66.7,6.6,161.2,19.0,203.5,260.4,28.4,14.2,1.33,32.0,209
2026-07-01 23:48:17.519678,23,2,20.3,73.8,8.1,150.0,14.3,208.3,323.7,19.9,12.5,1.4,33.1,219
2026-07-02 00:48:17.519678,0,3,18.3,79.8,4.4,150.0,19.8,191.8,267.6,20.5,14.1,1.21,28.6,199
2026-07-02 01:48:17.519678,1,3,15.7,82.2,4.6,150.0,19.1,191.6,291.9,18.5,16.7,1.39,36.1,201
2026-07-02 02:48:17.519678,2,3,14.1,83.0,3.3,150.0,18.7,162.4,219.5,29.9,8.7,1.4,30.5,168
2026-07-02 03:48:17.519678,3,3,16.2,82.5,7.0,150.0,13.2,207.5,266.2,18.1,11.6,1.06,34.7,213
2026-07-02 04:48:17.519678,4,3,14.1,84.4,3.3,150.0,10.8,214.7,297.0,19.5,12.6,1.31,28.1,222
2026-07-02 05:48:17.519678,5,3,16.4,78.4,6.1,150.0,13.4,182.5,250.1,12.7,15.9,1.35,32.1,189
2026-07-02 06:48:17.519678,6,3,17.2,68.9,5.3,150.0,20.5,198.5,259.4,27.1,9.7,1.34,31.1,204
2026-07-02 07:48:17.519678,7,3,20.7,73.8,9.1,242.6,33.7,198.9,308.9,29.9,16.5,1.44,36.5,209
2026-07-02 08:48:17.519678,8,3,22.9,69.2,2.2,402.9,41.4,223.3,302.5,50.3,12.6,1.38,41.6,231
2026-07-02 09:48:17.519678,9,3,26.6,52.9,8.5,597.7,60.0,231.2,301.4,64.7,12.1,1.48,42.1,238
2026-07-02 10:48:17.519678,10,3,26.8,50.5,9.3,587.7,50.7,174.9,293.5,45.5,11.9,1.29,45.1,186
2026-07-02 11:48:17.519678,11,3,29.6,49.4,6.1,793.9,30.4,158.2,236.1,24.5,11.3,0.89,50.6,165
2026-07-02 12:48:17.519678,12,3,30.6,48.5,11.0,930.2,24.9,123.4,189.4,19.9,14.3,0.88,54.2,129
2026-07-02 13:48:17.519678,13,3,33.0,38.4,10.7,1039.6,17.6,107.4,153.6,23.6,10.0,0.82,53.7,112
2026-07-02 14:48:17.519678,14,3,35.2,33.7,10.4,975.4,21.2,124.4,249.7,23.2,12.8,0.79,56.7,136
2026-07-02 15:48:17.519678,15,3,36.1,34.5,9.8,885.7,18.9,120.5,183.3,19.4,11.4,0.58,62.4,126
2026-07-02 16:48:17.519678,16,3,33.3,40.0,10.4,950.6,35.3,139.7,230.8,32.1,10.6,1.16,48.4,148
2026-07-02 17:48:17.519678,17,3,35.0,36.4,16.1,792.5,56.6,184.6,309.1,55.2,17.4,1.39,47.2,197
2026-07-02 18:48:17.519678,18,3,34.1,39.9,11.9,640.5,65.2,231.3,357.2,57.0,13.1,1.5,44.3,243
2026-07-02 19:48:17.519678,19,3,30.6,46.1,13.0,524.1,45.7,205.1,308.6,44.9,13.5,1.36,48.2,215
2026-07-02 20:48:17.519678,20,3,30.4,50.7,9.2,390.8,30.5,193.8,257.4,27.1,14.7,1.27,39.5,200
2026-07-02 21:48:17.519678,21,3,23.8,60.4,8.4,214.5,18.4,171.2,238.0,15.6,9.9,0.86,44.4,177
2026-07-02 22:48:17.519678,22,3,20.5,71.3,11.2,150.0,17.8,189.1,272.5,15.5,16.5,1.38,37.6,197
2026-07-02 23:48:17.519678,23,3,17.3,73.5,5.3,150.0,17.8,211.8,280.9,19.8,8.0,1.19,39.5,218
2026-07-03 00:48:17.519678,0,4,20.2,76.9,6.1,150.0,11.6,188.7,267.9,15.1,11.5,1.29,34.3,196
2026-07-03 01:48:17.519678,1,4,17.3,80.8,6.1,150.0,15.3,203.6,293.7,19.9,12.1,1.31,32.8,212
2026-07-03 02:48:17.519678,2,4,15.3,79.5,5.4,150.0,6.9,208.4,306.6,2.0,14.2,1.23,38.7,218
2026-07-03 03:48:17.519678,3,4,15.4,87.6,4.2,150.0,20.8,220.1,271.5,21.8,13.4,1.33,38.2,225
2026-07-03 04:48:17.519678,4,4,13.7,83.9,4.9,150.0,13.0,193.1,307.8,15.9,12.7,1.07,26.4,204
2026-07-03 05:48:17.519678,5,4,20.0,81.1,5.4,150.0,16.0,187.9,274.7,27.5,13.0,1.26,37.2,196
2026-07-03 06:48:17.519678,6,4,18.1,87.3,5.6,150.0,18.5,160.7,219.1,16.6,11.0,1.38,36.6,166
2026-07-03 07:48:17.519678,7,4,20.2,73.4,2.6,208.0,36.1,224.5,335.0,45.0,9.7,1.52,36.6,235
2026-07-03 08:48:17.519678,8,4,23.5,64.2,4.6,404.1,38.7,200.3,336.4,48.8,13.8,1.11,37.0,213
2026-07-03 09:48:17.519678,9,4,25.7,58.7,8.4,578.2,59.9,222.1,293.0,51.0,13.6,1.57,47.2,229
2026-07-03 10:48:17.519678,10,4,27.9,57.0,8.8,772.8,49.6,178.8,262.4,50.1,15.4,1.21,34.1,187
2026-07-03 11:48:17.519678,11,4,28.8,47.8,5.3,859.5,29.7,140.5,176.8,28.5,10.6,1.0,44.6,144
2026-07-03 12:48:17.519678,12,4,32.8,38.0,9.7,959.1,26.7,101.0,184.7,24.5,13.5,0.85,54.1,109
2026-07-03 13:48:17.519678,13,4,36.5,41.1,6.0,983.7,12.4,91.9,173.8,12.1,11.6,0.71,59.9,100
2026-07-03 14:48:17.519678,14,4,36.7,33.8,10.9,1070.5,19.0,111.8,197.5,16.2,14.5,0.87,64.2,120
2026-07-03 15:48:17.519678,15,4,37.4,40.6,15.3,1000.0,21.2,139.8,216.1,34.6,14.2,0.69,62.4,147
2026-07-03 16:48:17.519678,16,4,33.9,39.1,10.0,876.6,36.6,149.3,201.8,40.2,12.6,1.0,50.2,154
2026-07-03 17:48:17.519678,17,4,32.2,37.0,10.3,894.4,47.4,169.9,278.8,51.1,11.5,1.24,55.0,180
2026-07-03 18:48:17.519678,18,4,31.9,46.2,13.4,734.9,57.1,209.0,343.9,56.1,14.1,1.63,44.1,222
2026-07-03 19:48:17.519678,19,4,30.1,47.7,8.4,533.1,54.4,200.3,290.5,44.5,13.6,1.32,51.3,209
2026-07-03 20:48:17.519678,20,4,29.2,56.1,9.6,376.0,33.3,201.4,305.8,35.0,11.0,1.37,55.6,211
2026-07-03 21:48:17.519678,21,4,22.5,61.5,11.2,259.5,13.6,166.4,215.8,20.3,9.9,1.19,46.0,171
2026-07-03 22:48:17.519678,22,4,24.7,63.9,7.8,150.0,13.7,203.0,301.9,11.9,12.4,1.26,44.0,212
2026-07-03 23:48:17.519678,23,4,19.8,70.6,7.5,150.0,16.6,196.9,271.6,23.8,16.0,1.29,34.7,204
2026-07-04 00:48:17.519678,0,5,17.3,80.8,8.5,150.0,18.4,201.1,261.6,23.6,15.3,1.27,25.7,207
2026-07-04 01:48:17.519678,1,5,14.8,80.6,6.8,150.0,12.3,176.8,230.1,24.7,10.8,1.24,31.9,182
2026-07-04 02:48:17.519678,2,5,12.9,82.9,5.7,150.0,5.0,189.2,251.8,7.7,10.7,1.0,24.1,195
2026-07-04 03:48:17.519678,3,5,16.2,82.1,3.9,150.0,17.1,231.0,322.2,17.7,15.5,1.32,28.7,240
2026-07-04 04:48:17.519678,4,5,15.5,85.4,4.9,150.0,10.2,172.4,209.5,13.5,10.7,1.37,26.2,176
2026-07-04 05:48:17.519678,5,5,14.4,87.8,3.8,150.0,7.8,180.9,236.9,22.2,14.0,1.12,27.8,186
2026-07-04 06:48:17.519678,6,5,16.0,74.5,5.1,150.0,8.4,188.0,264.0,4.4,11.8,1.17,33.6,195
2026-07-04 07:48:17.519678,7,5,19.5,72.6,3.5,335.2,34.8,220.4,286.4,29.5,15.7,1.05,36.8,226
2026-07-04 08:48:17.519678,8,5,24.9,70.7,4.8,389.1,50.6,215.8,339.9,52.2,10.8,1.45,36.7,228
2026-07-04 09:48:17.519678,9,5,24.6,59.8,4.0,512.9,59.1,183.6,253.8,58.4,14.6,1.51,44.0,190
2026-07-04 10:48:17.519678,10,5,25.3,54.9,6.9,667.4,55.6,222.1,311.5,54.4,12.6,1.39,38.9,231
2026-07-04 11:48:17.519678,11,5,29.6,44.3,6.4,769.8,34.1,171.1,247.4,40.1,12.7,1.02,42.6,178
2026-07-04 12:48:17.519678,12,5,31.7,43.6,6.8,880.4,26.2,110.3,224.4,25.2,8.2,0.88,51.6,121
2026-07-04 13:48:17.519678,13,5,29.6,37.8,10.5,961.0,10.3,93.6,182.5,2.8,7.8,0.71,60.1,102
2026-07-04 14:48:17.519678,14,5,34.6,38.8,11.3,929.7,15.8,137.3,208.7,27.1,11.7,0.74,55.5,144
2026-07-04 15:48:17.519678,15,5,34.7,38.6,13.0,980.3,13.3,126.3,235.5,9.3,12.6,0.73,53.8,137
2026-07-04 16:48:17.519678,16,5,35.7,43.6,11.0,964.7,30.6,146.7,239.9,25.0,9.9,0.98,47.7,156
2026-07-04 17:48:17.519678,17,5,36.4,40.1,12.8,778.9,49.1,175.8,281.6,52.0,10.0,1.38,52.4,186
2026-07-04 18:48:17.519678,18,5,33.8,43.3,13.0,776.0,62.5,200.1,298.6,56.6,13.3,1.53,51.0,209
2026-07-04 19:48:17.519678,19,5,29.6,48.1,12.4,580.8,50.2,198.1,284.1,47.3,13.4,1.34,43.8,206
2026-07-04 20:48:17.519678,20,5,25.9,52.5,9.2,451.5,34.0,206.7,313.4,36.3,12.1,1.28,34.2,217
2026-07-04 21:48:17.519678,21,5,28.9,61.0,10.3,211.8,22.6,182.9,258.1,28.6,14.3,1.25,42.5,190
2026-07-04 22:48:17.519678,22,5,22.5,65.6,9.8,150.0,24.4,193.2,315.0,23.4,10.7,1.56,46.9,205
2026-07-04 23:48:17.519678,23,5,20.0,73.0,8.0,150.0,13.8,205.3,263.0,23.8,12.3,1.33,43.8,211
2026-07-05 00:48:17.519678,0,6,17.9,81.6,2.8,150.0,11.2,193.7,297.3,10.2,16.3,1.05,31.0,204
2026-07-05 01:48:17.519678,1,6,16.6,78.6,6.3,150.0,16.0,215.2,294.6,22.9,13.1,1.44,36.0,223
2026-07-05 02:48:17.519678,2,6,15.1,87.6,9.6,150.0,11.8,176.3,245.1,9.5,13.3,1.26,26.3,183
2026-07-05 03:48:17.519678,3,6,14.1,89.0,3.8,150.0,20.9,204.8,291.7,33.6,17.6,1.38,35.6,213
2026-07-05 04:48:17.519678,4,6,14.5,83.8,2.7,150.0,14.0,185.2,241.1,24.5,10.2,1.3,31.2,190
2026-07-05 05:48:17.519678,5,6,16.3,75.3,4.7,150.0,13.6,192.8,287.7,15.2,14.6,1.24,37.8,202
2026-07-05 06:48:17.519678,6,6,17.1,75.9,4.8,150.0,17.9,177.0,195.2,25.7,16.3,1.36,24.4,178
2026-07-05 07:48:17.519678,7,6,18.9,76.4,6.9,267.9,34.4,202.6,267.9,39.8,11.9,1.23,37.1,209
2026-07-05 08:48:17.519678,8,6,22.6,66.4,2.7,331.6,49.4,212.6,284.8,59.0,14.2,1.57,36.1,219
2026-07-05 09:48:17.519678,9,6,24.6,57.0,7.5,597.7,57.4,221.5,297.3,50.6,10.3,1.42,43.7,229
2026-07-05 10:48:17.519678,10,6,29.8,52.0,8.1,638.4,56.7,216.3,315.2,52.3,10.9,1.37,50.2,226
2026-07-05 11:48:17.519678,11,6,26.0,50.0,7.7,851.9,28.1,115.6,198.0,29.2,12.9,0.85,43.6,123
2026-07-05 12:48:17.519678,12,6,33.7,44.0,9.7,950.9,19.9,138.4,238.7,20.8,13.8,0.83,50.4,148
2026-07-05 13:48:17.519678,13,6,35.5,37.6,12.1,944.7,18.5,153.7,254.5,22.9,14.4,0.8,59.2,163
2026-07-05 14:48:17.519678,14,6,31.5,34.8,12.6,1029.1,9.4,94.6,161.9,2.0,15.3,0.68,52.4,101
2026-07-05 15:48:17.519678,15,6,34.5,33.8,9.2,992.6,21.7,107.4,200.0,24.4,12.0,0.72,49.6,116
2026-07-05 16:48:17.519678,16,6,34.1,33.1,13.5,892.7,27.3,176.7,285.7,25.4,14.6,0.76,48.8,187
2026-07-05 17:48:17.519678,17,6,31.5,43.2,11.9,773.8,53.3,165.8,279.7,46.3,11.5,1.39,40.8,177
2026-07-05 18:48:17.519678,18,6,30.9,41.4,12.0,601.9,56.1,207.3,331.9,49.3,14.1,1.56,44.6,219
2026-07-05 19:48:17.519678,19,6,28.3,51.2,11.6,572.8,52.8,207.7,309.6,49.0,12.7,1.26,49.6,217
2026-07-05 20:48:17.519678,20,6,30.2,58.1,10.5,321.8,36.0,225.3,308.5,17.2,13.4,1.41,50.4,233
2026-07-05 21:48:17.519678,21,6,26.4,63.0,12.4,249.5,23.2,198.1,274.0,19.8,13.4,1.18,42.1,205
2026-07-05 22:48:17.519678,22,6,24.3,65.2,8.9,150.0,16.8,186.7,259.6,14.2,9.8,1.32,46.8,193
2026-07-05 23:48:17.519678,23,6,21.1,73.7,5.8,150.0,14.2,178.1,246.2,20.6,10.8,1.24,34.1,184
2026-07-06 00:48:17.519678,0,0,16.2,77.6,6.2,150.0,12.7,184.6,263.2,12.3,13.2,1.12,33.7,192
2026-07-06 01:48:17.519678,1,0,15.6,78.9,6.4,150.0,20.9,186.7,273.9,22.4,9.6,1.48,30.5,195
2026-07-06 02:48:17.519678,2,0,16.1,85.1,7.6,150.0,12.2,188.6,256.1,22.6,14.7,1.17,35.9,195
2026-07-06 03:48:17.519678,3,0,13.2,81.5,5.7,150.0,10.9,178.9,247.7,20.0,14.7,1.15,20.9,185
2026-07-06 04:48:17.519678,4,0,16.4,87.7,2.4,150.0,17.7,183.6,251.4,32.8,13.7,1.43,27.2,190
2026-07-06 05:48:17.519678,5,0,16.0,80.3,9.0,150.0,12.6,206.7,274.2,12.2,10.8,1.07,24.8,213
2026-07-06 06:48:17.519678,6,0,17.4,78.3,4.7,150.0,15.9,189.0,244.5,23.5,15.8,1.15,32.2,194
2026-07-06 07:48:17.519678,7,0,21.1,73.3,7.1,282.5,25.8,176.3,215.4,26.3,16.6,1.14,43.7,180
2026-07-06 08:48:17.519678,8,0,23.1,65.7,4.9,430.6,48.1,213.8,291.4,48.5,12.6,1.38,35.3,221
2026-07-06 09:48:17.519678,9,0,24.5,61.8,7.1,504.5,59.7,225.0,332.6,60.0,13.3,1.54,35.8,235
2026-07-06 10:48:17.519678,10,0,29.3,52.1,8.6,687.8,51.0,165.6,239.5,46.4,12.6,1.28,49.9,172
2026-07-06 11:48:17.519678,11,0,28.4,50.1,10.4,822.3,35.4,159.1,242.0,42.2,13.2,1.31,50.2,167
2026-07-06 12:48:17.519678,12,0,33.0,38.3,11.2,912.9,21.9,108.9,200.3,21.6,11.9,0.81,52.0,118
2026-07-06 13:48:17.519678,13,0,34.5,38.7,11.7,996.2,15.1,131.7,230.7,19.3,12.1,0.7,58.0,141
2026-07-06 14:48:17.519678,14,0,34.2,41.7,10.2,1071.6,15.1,106.8,163.9,23.8,14.0,0.64,48.3,112
2026-07-06 15:48:17.519678,15,0,35.5,32.0,10.3,1033.6,21.8,106.7,213.1,27.7,16.8,0.84,61.7,117
2026-07-06 16:48:17.519678,16,0,32.8,33.8,12.5,854.0,36.6,141.2,259.0,28.3,9.4,1.13,62.2,152
2026-07-06 17:48:17.519678,17,0,35.0,39.9,13.9,855.4,50.6,171.2,248.1,49.9,12.0,1.4,54.7,178
2026-07-06 18:48:17.519678,18,0,31.8,42.9,11.4,766.4,58.1,202.8,292.9,59.2,9.8,1.25,36.8,211
2026-07-06 19:48:17.519678,19,0,29.2,48.6,13.6,574.6,46.1,193.8,317.0,48.1,15.4,1.24,42.5,206
2026-07-06 20:48:17.519678,20,0,29.2,55.0,13.7,454.5,25.8,172.5,257.3,19.8,11.2,1.05,51.1,180
2026-07-06 21:48:17.519678,21,0,23.9,61.9,8.2,345.3,22.4,184.2,225.6,20.6,9.5,1.08,39.6,188
2026-07-06 22:48:17.519678,22,0,20.3,69.8,7.4,151.2,18.1,187.8,240.3,25.4,14.3,1.33,43.2,193
2026-07-06 23:48:17.519678,23,0,17.7,73.7,7.7,150.0,17.4,190.5,263.7,15.7,16.5,1.38,37.6,197
2026-07-07 00:48:17.519678,0,1,18.8,77.0,7.6,150.0,14.5,160.1,203.3,15.5,14.3,1.2,32.5,164
2026-07-07 01:48:17.519678,1,1,14.4,83.7,5.0,150.0,20.6,217.6,287.7,32.5,13.4,1.53,29.2,224
2026-07-07 02:48:17.519678,2,1,18.0,89.8,7.9,150.0,13.1,193.5,260.3,15.3,13.8,1.36,30.6,200
2026-07-07 03:48:17.519678,3,1,11.9,84.6,5.4,150.0,18.8,188.1,286.1,18.9,15.8,1.21,26.5,197
2026-07-07 04:48:17.519678,4,1,17.9,81.2,4.2,150.0,14.9,224.2,300.6,16.2,11.3,1.18,32.1,231
2026-07-07 05:48:17.519678,5,1,16.7,85.0,1.1,150.0,13.4,217.4,316.1,40.3,12.8,1.16,36.8,227
2026-07-07 06:48:17.519678,6,1,17.8,77.3,1.5,176.6,22.1,203.2,310.9,33.2,11.9,1.37,43.6,213
2026-07-07 07:48:17.519678,7,1,19.2,66.0,5.1,269.7,33.2,222.5,345.2,34.5,10.2,1.14,27.4,234
2026-07-07 08:48:17.519678,8,1,23.0,69.0,1.0,330.0,51.5,265.2,375.2,78.0,11.8,1.44,25.2,276
2026-07-07 09:48:17.519678,9,1,24.9,58.4,8.0,573.7,60.3,223.4,284.4,64.5,14.5,1.52,37.3,229
2026-07-07 10:48:17.519678,10,1,29.2,53.3,6.6,595.0,49.9,194.2,299.1,52.8,13.4,1.31,37.2,204
2026-07-07 11:48:17.519678,11,1,30.2,48.5,14.5,855.5,41.1,165.3,277.0,35.5,13.5,1.16,47.9,176
2026-07-07 12:48:17.519678,12,1,32.3,42.9,13.7,963.9,24.5,119.0,198.7,30.1,12.4,0.76,54.5,126
2026-07-07 13:48:17.519678,13,1,33.1,40.5,9.6,949.9,18.8,125.2,245.2,18.5,13.2,0.85,60.4,137
2026-07-07 14:48:17.519678,14,1,34.6,34.5,10.6,1006.2,16.4,78.6,171.8,11.4,10.5,0.68,56.4,87
2026-07-07 15:48:17.519678,15,1,35.5,36.5,13.5,1077.3,23.8,104.0,197.4,22.8,11.5,0.82,54.3,113
2026-07-07 16:48:17.519678,16,1,32.1,35.1,15.3,894.3,33.6,169.1,293.5,39.4,12.6,1.04,39.7,181
2026-07-07 17:48:17.519678,17,1,31.6,40.6,8.7,771.3,50.2,170.6,276.0,49.4,12.7,1.29,48.2,181
2026-07-07 18:48:17.519678,18,1,33.2,44.2,8.3,774.1,58.8,185.9,236.5,56.6,12.8,1.41,49.5,190
2026-07-07 19:48:17.519678,19,1,30.3,44.7,10.2,653.4,49.7,185.9,276.0,55.9,12.0,1.22,48.9,194
2026-07-07 20:48:17.519678,20,1,27.3,56.8,12.0,400.2,18.9,153.0,257.4,12.3,11.6,0.9,43.0,163
2026-07-07 21:48:17.519678,21,1,25.0,58.4,11.0,295.3,20.6,151.4,214.0,14.8,18.8,1.05,41.4,157
2026-07-07 22:48:17.519678,22,1,22.9,68.9,11.2,167.1,13.9,183.8,259.3,7.1,14.7,1.07,34.4,191
2026-07-07 23:48:17.519678,23,1,19.2,73.6,5.6,150.0,21.5,205.5,267.3,26.5,13.8,1.34,23.9,211
2026-07-08 00:48:17.519678,0,2,16.8,83.2,2.3,150.0,15.1,201.8,311.5,27.3,12.5,1.33,26.8,212
2026-07-08 01:48:17.519678,1,2,16.6,81.0,7.7,150.0,10.2,182.7,286.4,20.8,12.1,1.09,25.0,193
2026-07-08 02:48:17.519678,2,2,13.9,83.1,3.5,150.0,14.8,197.8,253.0,23.1,12.7,1.4,31.0,203
2026-07-08 03:48:17.519678,3,2,15.6,84.9,1.0,150.0,10.8,231.6,316.0,37.7,13.6,1.36,27.4,240
2026-07-08 04:48:17.519678,4,2,12.8,83.2,4.4,150.0,17.0,195.5,254.0,22.1,9.2,1.2,25.4,201
2026-07-08 05:48:17.519678,5,2,17.9,84.1,5.6,150.0,17.0,188.1,269.6,21.2,9.9,1.46,29.4,196
2026-07-08 06:48:17.519678,6,2,18.6,72.8,3.9,150.0,23.6,205.1,298.6,20.6,11.7,1.41,19.1,214
2026-07-08 07:48:17.519678,7,2,20.4,69.3,3.6,228.0,28.4,218.1,324.4,47.4,13.1,1.31,42.3,228
2026-07-08 08:48:17.519678,8,2,23.9,63.3,4.9,417.1,50.2,242.0,350.6,53.9,11.9,1.34,33.3,252
2026-07-08 09:48:17.519678,9,2,27.5,62.9,5.3,633.0,54.5,195.7,342.9,55.8,15.2,1.47,40.4,210
2026-07-08 10:48:17.519678,10,2,29.1,58.7,4.3,742.7,52.9,194.7,265.6,57.7,9.2,1.37,36.9,201
2026-07-08 11:48:17.519678,11,2,27.2,47.2,6.6,845.0,33.6,156.3,211.3,38.4,10.7,0.94,48.7,161
2026-07-08 12:48:17.519678,12,2,30.2,41.8,10.1,942.8,21.7,106.9,177.7,21.8,15.2,0.72,49.7,113
2026-07-08 13:48:17.519678,13,2,32.7,38.6,10.6,981.7,15.9,109.3,159.9,14.0,12.4,0.59,48.7,114
2026-07-08 14:48:17.519678,14,2,34.7,39.3,11.2,1027.9,17.6,84.7,128.8,21.5,13.9,0.78,52.5,89
2026-07-08 15:48:17.519678,15,2,35.8,32.2,9.5,853.1,26.2,111.1,178.6,28.6,16.3,0.97,63.5,117
2026-07-08 16:48:17.519678,16,2,33.6,36.6,11.5,904.8,30.4,143.7,219.1,25.9,10.8,1.03,52.3,151
2026-07-08 17:48:17.519678,17,2,33.9,41.3,7.6,836.3,50.6,171.1,250.3,56.6,12.0,1.27,49.2,179
2026-07-08 18:48:17.519678,18,2,30.9,43.8,12.2,642.4,55.7,205.1,322.0,54.0,11.7,1.27,42.0,216
2026-07-08 19:48:17.519678,19,2,29.1,48.1,14.3,574.6,46.6,194.6,284.4,47.7,8.4,1.2,35.7,203
2026-07-08 20:48:17.519678,20,2,25.5,56.5,7.9,389.8,31.9,178.7,263.5,39.5,11.8,1.25,40.8,187
2026-07-08 21:48:17.519678,21,2,23.6,51.9,8.8,332.5,24.2,186.3,298.5,25.3,14.2,1.01,42.4,197
2026-07-08 22:48:17.519678,22,2,20.4,68.5,9.7,178.7,14.8,169.4,230.2,18.0,13.9,1.2,43.2,175
2026-07-08 23:48:17.519678,23,2,18.5,70.5,10.5,150.0,14.1,210.4,291.8,19.6,14.2,1.17,24.0,218
2026-07-09 00:48:17.519678,0,3,19.5,72.2,6.1,150.0,13.4,170.5,251.2,13.4,12.2,1.3,31.5,178
2026-07-09 01:48:17.519678,1,3,14.9,83.2,4.6,150.0,12.9,188.9,220.2,18.3,11.7,1.21,28.2,192
2026-07-09 02:48:17.519678,2,3,19.3,88.3,1.2,150.0,16.2,202.0,224.3,39.5,15.5,1.41,34.2,204
2026-07-09 03:48:17.519678,3,3,15.7,84.6,4.7,150.0,9.0,194.5,272.1,9.7,12.0,1.28,32.2,202
2026-07-09 04:48:17.519678,4,3,15.6,87.0,8.2,150.0,20.2,194.6,273.2,33.4,13.6,1.32,29.8,202
2026-07-09 05:48:17.519678,5,3,15.1,86.5,4.6,150.0,13.2,184.6,292.1,11.4,13.3,1.25,34.0,195
2026-07-09 06:48:17.519678,6,3,19.0,81.6,4.1,150.0,22.6,220.3,304.3,21.2,15.9,1.35,31.1,228
2026-07-09 07:48:17.519678,7,3,19.1,77.4,5.2,276.2,26.5,199.3,293.5,36.2,14.5,1.02,39.0,208
2026-07-09 08:48:17.519678,8,3,22.6,68.7,5.1,359.8,52.7,237.7,330.1,56.8,9.8,1.38,38.6,246
2026-07-09 09:48:17.519678,9,3,28.8,60.2,4.4,600.1,62.7,207.3,307.3,58.1,9.9,1.53,42.2,217
2026-07-09 10:48:17.519678,10,3,27.4,48.7,8.6,668.4,51.6,173.5,299.9,52.9,13.4,1.36,50.6,186
2026-07-09 11:48:17.519678,11,3,31.7,46.8,8.5,836.9,27.6,143.4,186.6,35.7,12.1,0.95,57.3,147
2026-07-09 12:48:17.519678,12,3,31.0,39.8,9.1,960.6,20.7,114.1,204.8,21.8,11.2,0.79,54.7,123
2026-07-09 13:48:17.519678,13,3,33.6,44.9,8.0,977.9,11.2,112.7,233.4,26.8,14.2,0.76,37.6,124
2026-07-09 14:48:17.519678,14,3,37.3,35.3,13.4,1022.7,14.9,101.5,189.3,7.0,12.5,0.73,67.0,110
2026-07-09 15:48:17.519678,15,3,34.1,35.4,12.8,953.7,23.9,126.2,248.8,27.3,12.3,0.93,57.1,138
2026-07-09 16:48:17.519678,16,3,37.4,37.5,10.8,909.8,34.7,120.0,193.5,39.9,13.7,0.85,65.9,127
2026-07-09 17:48:17.519678,17,3,34.7,38.5,14.0,814.0,50.1,204.6,314.5,51.7,11.4,0.88,57.7,215
2026-07-09 18:48:17.519678,18,3,31.2,47.4,10.9,662.7,56.1,198.6,301.0,52.2,15.4,1.42,55.1,208
2026-07-09 19:48:17.519678,19,3,30.9,45.6,9.9,546.5,52.6,218.3,282.9,48.9,10.7,1.23,51.6,224
2026-07-09 20:48:17.519678,20,3,29.0,54.1,9.3,322.6,31.6,186.4,255.7,33.9,13.8,1.16,53.2,193
2026-07-09 21:48:17.519678,21,3,25.9,57.8,6.5,220.2,10.5,183.7,250.7,18.1,15.5,0.98,54.3,190
2026-07-09 22:48:17.519678,22,3,20.1,62.5,10.0,150.0,19.0,177.4,277.0,23.1,10.2,1.51,37.8,187
2026-07-09 23:48:17.519678,23,3,18.9,70.7,4.3,150.0,15.0,202.3,303.9,25.6,12.3,1.33,27.3,212
2026-07-10 00:48:17.519678,0,4,17.6,77.6,4.5,150.0,19.8,197.1,280.7,19.4,15.3,1.38,32.6,205
2026-07-10 01:48:17.519678,1,4,16.2,80.4,1.8,150.0,10.6,200.3,292.6,24.6,15.3,1.31,34.0,209
2026-07-10 02:48:17.519678,2,4,16.3,82.1,5.0,150.0,5.0,190.0,258.0,5.8,12.7,1.18,34.3,196
2026-07-10 03:48:17.519678,3,4,15.3,80.8,4.2,150.0,16.1,179.0,272.1,19.7,11.5,1.26,25.1,188
2026-07-10 04:48:17.519678,4,4,13.3,83.9,3.5,150.0,16.3,189.2,259.0,28.3,14.9,1.42,20.0,196
2026-07-10 05:48:17.519678,5,4,16.9,77.1,1.9,150.0,9.1,203.7,284.3,24.4,15.4,1.09,29.2,211
2026-07-10 06:48:17.519678,6,4,18.8,80.0,1.8,150.0,15.8,239.7,322.4,44.0,10.7,1.34,37.3,248
2026-07-10 07:48:17.519678,7,4,20.8,72.7,5.5,220.3,42.6,226.2,329.5,44.8,10.3,1.34,43.4,236
2026-07-10 08:48:17.519678,8,4,24.0,62.1,4.1,382.4,48.8,232.5,324.1,51.6,12.8,1.41,43.3,241
2026-07-10 09:48:17.519678,9,4,26.3,59.1,6.6,516.8,62.9,226.4,346.6,61.7,13.5,1.56,45.6,238
2026-07-10 10:48:17.519678,10,4,28.3,51.3,5.2,635.2,47.4,223.5,306.9,45.3,11.6,1.44,44.0,231
2026-07-10 11:48:17.519678,11,4,29.9,48.5,8.4,801.5,23.2,112.6,165.7,24.2,13.5,0.72,39.7,117
2026-07-10 12:48:17.519678,12,4,29.6,46.3,11.6,928.7,19.1,120.2,212.9,25.4,10.7,0.73,45.7,129
2026-07-10 13:48:17.519678,13,4,34.3,32.7,11.2,1009.3,14.8,80.1,156.2,16.6,7.9,0.8,53.2,87
2026-07-10 14:48:17.519678,14,4,35.0,36.2,10.0,972.1,14.3,70.2,133.2,11.9,11.3,0.75,53.3,76
2026-07-10 15:48:17.519678,15,4,35.4,34.5,12.0,958.9,19.3,120.4,226.7,15.2,12.3,0.81,56.2,131
2026-07-10 16:48:17.519678,16,4,32.7,37.9,11.4,873.3,32.6,146.8,228.3,29.7,11.6,0.91,53.5,154
2026-07-10 17:48:17.519678,17,4,32.0,39.0,12.0,822.7,49.4,170.5,266.5,47.4,9.9,1.2,53.0,180
2026-07-10 18:48:17.519678,18,4,33.7,40.1,11.2,657.6,54.9,198.2,333.6,58.1,8.6,1.5,48.2,211
2026-07-10 19:48:17.519678,19,4,29.9,46.5,11.1,583.9,52.0,249.2,397.5,42.8,11.2,1.35,37.1,264
2026-07-10 20:48:17.519678,20,4,28.6,51.1,11.3,310.7,23.8,183.8,309.5,22.4,14.3,1.12,44.7,196
2026-07-10 21:48:17.519678,21,4,25.0,63.2,8.0,226.7,11.5,186.7,266.4,14.9,15.2,1.0,43.8,194
2026-07-10 22:48:17.519678,22,4,22.5,66.5,7.0,150.0,18.8,188.4,296.3,12.0,15.4,1.23,46.9,199
2026-07-10 23:48:17.519678,23,4,21.4,78.2,5.2,150.0,17.1,201.8,260.8,17.0,11.4,1.42,36.2,207
2026-07-11 00:48:17.519678,0,5,17.2,77.5,3.8,150.0,14.8,192.9,250.6,17.9,10.7,1.34,36.4,198
2026-07-11 01:48:17.519678,1,5,16.5,79.5,3.6,150.0,9.4,182.8,207.0,12.9,14.0,1.44,34.9,185
2026-07-11 02:48:17.519678,2,5,14.6,79.6,5.5,150.0,12.2,216.9,331.8,17.4,14.3,1.15,31.1,228
2026-07-11 03:48:17.519678,3,5,14.3,79.6,2.8,150.0,14.0,216.3,280.3,22.7,13.8,1.36,34.6,222
2026-07-11 04:48:17.519678,4,5,14.9,79.4,5.2,150.0,8.7,186.9,256.9,10.9,9.0,1.07,28.5,193
2026-07-11 05:48:17.519678,5,5,16.7,82.5,4.1,150.0,12.9,158.3,201.7,21.1,11.3,1.28,30.0,162
2026-07-11 06:48:17.519678,6,5,17.2,79.2,1.0,150.0,22.4,228.1,327.1,58.7,12.9,1.5,29.7,238
2026-07-11 07:48:17.519678,7,5,21.9,67.8,5.8,290.5,37.3,253.4,347.7,46.9,13.5,1.1,33.4,262
2026-07-11 08:48:17.519678,8,5,21.1,69.2,6.8,372.5,48.4,217.0,280.7,38.3,13.9,1.37,39.0,223
2026-07-11 09:48:17.519678,9,5,24.7,58.6,4.0,549.5,63.0,244.9,360.3,67.1,12.6,1.47,34.4,256
2026-07-11 10:48:17.519678,10,5,26.9,54.0,7.8,668.2,42.4,202.9,271.9,41.1,12.9,1.12,44.3,209
2026-07-11 11:48:17.519678,11,5,32.2,52.3,6.3,911.2,34.2,149.0,215.1,36.3,12.3,1.06,49.5,155
2026-07-11 12:48:17.519678,12,5,32.4,45.0,9.2,903.6,16.5,105.6,139.1,16.1,13.5,0.87,53.3,108
2026-07-11 13:48:17.519678,13,5,35.2,37.5,7.5,1071.2,17.1,66.7,108.3,20.0,12.8,0.74,52.9,70
2026-07-11 14:48:17.519678,14,5,32.4,33.2,7.2,1040.7,14.9,113.4,204.5,18.3,12.3,0.74,50.4,122
2026-07-11 15:48:17.519678,15,5,35.4,28.5,10.7,1003.7,25.0,108.2,158.6,22.4,11.6,0.89,55.7,113
2026-07-11 16:48:17.519678,16,5,36.0,33.7,11.6,938.1,28.1,133.9,197.5,23.4,12.3,0.93,56.9,140
2026-07-11 17:48:17.519678,17,5,33.8,37.7,11.2,844.0,52.6,158.8,256.2,47.7,13.1,1.2,50.7,168
2026-07-11 18:48:17.519678,18,5,33.7,39.4,9.5,603.6,58.9,207.7,307.6,57.3,12.8,1.56,58.2,217
2026-07-11 19:48:17.519678,19,5,29.2,47.1,10.7,541.3,49.4,203.8,347.1,50.3,13.0,1.36,40.1,218
2026-07-11 20:48:17.519678,20,5,29.7,53.8,11.4,442.3,30.8,189.1,319.5,34.6,15.0,1.13,46.9,202
2026-07-11 21:48:17.519678,21,5,28.4,59.3,9.9,242.3,16.4,167.1,232.4,15.3,13.1,0.98,39.7,173
2026-07-11 22:48:17.519678,22,5,21.9,64.5,9.4,150.0,15.8,210.3,313.0,18.8,11.7,1.26,41.2,220
2026-07-11 23:48:17.519678,23,5,19.3,73.0,6.7,150.0,14.8,183.6,275.2,22.7,14.8,1.27,30.4,192
2026-07-12 00:48:17.519678,0,6,20.1,79.0,9.3,150.0,16.0,167.6,222.7,23.4,10.3,1.15,35.4,173
2026-07-12 01:48:17.519678,1,6,18.7,78.4,3.6,150.0,15.3,196.0,242.1,21.7,10.8,1.13,33.4,200
2026-07-12 02:48:17.519678,2,6,14.6,88.4,6.1,150.0,18.2,198.5,267.1,20.1,13.7,1.28,31.9,205
2026-07-12 03:48:17.519678,3,6,14.4,84.7,6.9,150.0,18.7,200.5,269.5,22.1,14.0,1.4,27.3,207
2026-07-12 04:48:17.519678,4,6,14.9,84.2,5.1,150.0,10.9,208.6,275.1,9.9,10.5,1.16,28.9,215
2026-07-12 05:48:17.519678,5,6,14.3,83.8,3.6,150.0,19.3,200.1,282.0,24.7,12.2,1.25,36.9,208
2026-07-12 06:48:17.519678,6,6,16.6,78.4,3.1,150.0,15.0,197.1,258.5,27.0,11.8,1.21,33.6,203
2026-07-12 07:48:17.519678,7,6,18.5,75.4,6.6,322.9,33.9,187.3,240.2,38.3,11.5,1.17,30.6,192
2026-07-12 08:48:17.519678,8,6,21.3,67.3,2.3,386.3,52.5,247.5,350.1,58.8,14.3,1.41,33.4,257
2026-07-12 09:48:17.519678,9,6,24.9,58.2,4.1,543.1,52.4,215.6,321.5,55.6,13.7,1.59,47.6,226
2026-07-12 10:48:17.519678,10,6,27.9,54.6,6.2,685.0,50.4,186.5,255.2,46.1,12.2,1.41,42.7,193
2026-07-12 11:48:17.519678,11,6,32.3,44.1,10.5,919.5,29.7,107.3,202.9,33.1,11.1,1.06,47.0,116
2026-07-12 12:48:17.519678,12,6,30.6,42.6,9.8,1000.9,16.7,130.2,179.8,17.7,9.5,0.87,46.5,135
2026-07-12 13:48:17.519678,13,6,35.1,38.2,8.1,1090.5,21.3,88.8,153.3,21.5,15.0,0.71,52.3,95
2026-07-12 14:48:17.519678,14,6,34.3,35.2,10.2,992.0,13.3,95.3,170.5,13.1,13.3,0.58,51.9,102
2026-07-12 15:48:17.519678,15,6,34.9,34.6,10.2,994.3,16.5,114.1,188.0,17.5,10.7,0.64,48.8,121
2026-07-12 16:48:17.519678,16,6,35.7,30.2,10.4,843.8,31.9,128.8,212.0,29.3,13.6,1.13,49.3,137
2026-07-12 17:48:17.519678,17,6,32.0,36.7,14.0,898.1,52.8,149.5,282.4,52.9,12.0,1.25,43.9,162
2026-07-12 18:48:17.519678,18,6,32.6,42.6,9.1,641.6,59.4,177.0,259.0,54.8,11.7,1.32,51.7,185
2026-07-12 19:48:17.519678,19,6,30.2,48.0,14.7,566.1,54.7,218.7,374.7,59.2,13.1,1.35,43.5,234
2026-07-12 20:48:17.519678,20,6,28.3,50.4,12.5,345.1,33.7,190.6,296.2,40.0,11.0,1.17,44.0,201
2026-07-12 21:48:17.519678,21,6,25.4,63.8,12.2,215.3,11.0,221.8,319.1,7.9,12.0,1.06,51.1,231
2026-07-12 22:48:17.519678,22,6,26.1,63.9,8.1,150.0,13.7,175.0,265.9,16.4,13.2,1.3,51.2,184
2026-07-12 23:48:17.519678,23,6,19.0,75.4,7.7,150.0,12.8,175.0,297.7,12.2,12.0,1.18,35.2,187
2026-07-13 00:48:17.519678,0,0,17.1,79.0,4.1,150.0,16.9,190.4,244.5,20.9,14.3,1.39,30.3,195
2026-07-13 01:48:17.519678,1,0,15.4,79.7,5.0,150.0,5.0,183.2,232.0,20.6,16.7,1.08,27.1,188
2026-07-13 02:48:17.519678,2,0,14.5,89.5,6.2,150.0,25.2,201.4,255.2,26.0,11.5,1.43,33.3,206
2026-07-13 03:48:17.519678,3,0,14.0,81.4,7.1,150.0,17.1,204.8,281.7,21.4,9.7,1.39,28.7,212
2026-07-13 04:48:17.519678,4,0,17.1,86.9,1.9,150.0,15.7,192.1,225.6,32.4,9.0,1.24,30.4,195
2026-07-13 05:48:17.519678,5,0,18.5,84.7,3.3,150.0,20.6,185.8,254.3,22.7,12.7,1.32,30.8,192
2026-07-13 06:48:17.519678,6,0,17.1,75.7,3.8,150.0,29.1,190.8,301.4,29.8,11.7,1.56,28.7,201
2026-07-13 07:48:17.519678,7,0,18.8,76.7,1.7,208.8,35.0,198.4,279.6,42.7,13.1,1.32,34.8,206
2026-07-13 08:48:17.519678,8,0,23.1,65.7,6.4,388.5,53.8,219.7,307.1,48.7,12.7,1.43,31.3,228
2026-07-13 09:48:17.519678,9,0,24.2,60.9,4.6,614.3,60.5,212.5,295.2,46.8,9.0,1.53,44.3,220
2026-07-13 10:48:17.519678,10,0,28.5,54.3,6.6,709.7,49.5,179.1,287.4,51.8,8.6,1.49,41.4,189
2026-07-13 11:48:17.519678,11,0,30.3,47.1,7.1,797.7,29.7,168.3,244.6,41.2,12.8,1.03,46.5,175
2026-07-13 12:48:17.519678,12,0,29.8,44.8,7.5,943.8,16.4,133.4,254.5,19.6,12.4,0.8,42.1,145
2026-07-13 13:48:17.519678,13,0,36.0,40.7,10.0,924.4,13.2,105.8,223.6,7.8,11.3,0.76,57.3,117
2026-07-13 14:48:17.519678,14,0,37.4,30.6,10.4,1034.1,10.5,68.8,150.1,9.1,8.8,0.55,57.3,76
2026-07-13 15:48:17.519678,15,0,34.1,38.9,10.7,1000.0,19.4,103.9,183.8,18.0,13.1,0.8,53.8,111
2026-07-13 16:48:17.519678,16,0,34.1,30.9,10.4,904.2,24.8,121.2,233.4,20.1,14.7,0.88,61.2,132
2026-07-13 17:48:17.519678,17,0,34.1,41.4,12.6,782.3,50.8,170.9,290.9,52.4,12.7,1.32,51.6,182
2026-07-13 18:48:17.519678,18,0,32.6,45.7,15.2,655.7,59.9,196.1,282.2,59.9,10.5,1.46,44.1,204
2026-07-13 19:48:17.519678,19,0,31.0,44.2,11.7,582.0,50.6,190.9,282.3,42.3,12.3,1.37,44.4,200
2026-07-13 20:48:17.519678,20,0,30.6,52.3,12.8,461.4,29.5,175.0,239.2,32.5,9.6,1.03,51.5,181
2026-07-13 21:48:17.519678,21,0,24.7,56.7,7.2,212.8,32.1,202.1,305.6,40.6,14.8,1.36,47.1,212
2026-07-13 22:48:17.519678,22,0,21.2,65.8,9.4,150.0,21.3,203.8,305.6,31.9,13.2,1.26,38.7,213
2026-07-13 23:48:17.519678,23,0,17.9,71.6,5.8,150.0,10.1,191.6,244.8,28.6,9.5,1.19,37.1,196
2026-07-14 00:48:17.519678,0,1,16.8,80.0,4.0,150.0,15.9,184.0,246.0,17.3,12.4,1.44,36.5,190
2026-07-14 01:48:17.519678,1,1,16.3,85.6,4.5,150.0,12.6,210.7,258.4,32.1,13.9,1.29,38.4,215
2026-07-14 02:48:17.519678,2,1,18.0,88.3,7.6,150.0,10.9,171.3,214.1,12.0,12.3,1.23,25.7,175
2026-07-14 03:48:17.519678,3,1,14.2,83.3,6.4,150.0,9.6,160.6,233.2,10.4,12.4,1.4,34.4,167
2026-07-14 04:48:17.519678,4,1,15.7,83.5,4.6,150.0,16.8,203.5,263.1,23.3,10.6,1.18,36.4,209
2026-07-14 05:48:17.519678,5,1,16.3,76.6,1.0,150.0,13.1,207.4,282.3,38.9,14.1,1.15,24.0,214
2026-07-14 06:48:17.519678,6,1,19.7,75.3,3.7,150.0,23.6,214.6,266.2,31.3,11.7,1.59,31.1,219
2026-07-14 07:48:17.519678,7,1,23.8,75.4,5.1,150.0,35.5,189.0,269.2,31.2,8.7,1.6,36.2,197
2026-07-14 08:48:17.519678,8,1,21.6,71.3,5.5,294.0,55.5,261.1,361.5,54.2,11.8,1.55,31.9,271
2026-07-14 09:48:17.519678,9,1,24.3,56.3,2.3,524.9,56.6,237.6,329.3,70.3,14.2,1.32,34.7,246
2026-07-14 10:48:17.519678,10,1,29.2,51.8,5.2,722.9,51.9,169.9,255.7,52.3,11.4,1.36,46.0,178
2026-07-14 11:48:17.519678,11,1,31.0,47.4,7.9,686.9,34.1,144.7,233.8,35.2,15.7,1.11,53.0,153
2026-07-14 12:48:17.519678,12,1,34.8,43.2,10.1,894.6,17.9,145.9,218.8,21.4,13.0,0.67,60.1,153
2026-07-14 13:48:17.519678,13,1,34.5,35.9,5.6,953.2,12.8,99.1,150.6,22.7,12.8,0.68,50.0,104
2026-07-14 14:48:17.519678,14,1,34.1,37.1,10.5,1069.4,22.3,97.4,213.0,14.7,11.9,0.8,50.3,108
2026-07-14 15:48:17.519678,15,1,35.9,33.6,11.8,960.3,20.7,83.9,149.6,24.1,12.0,0.84,62.2,90
2026-07-14 16:48:17.519678,16,1,36.3,35.8,13.6,938.8,34.1,134.6,224.4,31.6,11.6,0.91,58.7,143
2026-07-14 17:48:17.519678,17,1,34.9,40.0,13.4,831.3,46.8,166.2,284.3,45.2,11.6,1.35,52.8,178
2026-07-14 18:48:17.519678,18,1,32.8,42.3,13.0,593.5,55.1,216.8,398.5,57.2,13.3,1.49,51.0,234
2026-07-14 19:48:17.519678,19,1,31.6,46.2,9.9,593.7,47.8,174.8,245.5,40.1,10.4,1.25,48.8,181
2026-07-14 20:48:17.519678,20,1,29.3,53.2,7.0,410.8,31.1,167.7,264.4,27.2,10.2,1.09,50.1,177
2026-07-14 21:48:17.519678,21,1,27.1,59.7,9.2,270.1,15.5,186.8,260.9,7.5,10.3,0.99,45.1,194
2026-07-14 22:48:17.519678,22,1,23.4,65.4,11.0,296.3,15.8,192.3,266.9,14.2,16.6,0.9,43.0,199
2026-07-14 23:48:17.519678,23,1,19.7,71.7,10.8,150.0,8.3,157.2,212.5,16.9,14.1,1.15,29.5,162
2026-07-15 00:48:17.519678,0,2,18.1,82.5,8.4,150.0,10.5,201.2,253.0,12.4,13.6,1.2,32.1,206
2026-07-15 01:48:17.519678,1,2,18.1,83.3,6.9,150.0,17.7,197.2,268.9,13.6,10.9,1.49,32.0,204
2026-07-15 02:48:17.519678,2,2,14.1,83.3,5.9,150.0,17.4,213.4,261.3,18.3,14.2,1.42,28.2,218
2026-07-15 03:48:17.519678,3,2,15.6,87.1,3.4,150.0,13.4,194.3,281.9,13.4,12.8,1.36,27.7,203
2026-07-15 04:48:17.519678,4,2,14.8,83.1,3.9,150.0,11.0,152.7,213.1,12.0,13.4,1.27,28.8,158
2026-07-15 05:48:17.519678,5,2,16.4,85.2,7.3,150.0,11.7,185.1,260.9,16.6,11.0,1.13,25.4,192
2026-07-15 06:48:17.519678,6,2,19.8,78.8,2.3,150.0,18.2,223.8,298.6,23.9,13.3,1.34,39.2,231
2026-07-15 07:48:17.519678,7,2,20.3,72.2,7.8,168.8,34.1,205.4,282.0,40.1,12.0,1.6,34.9,213
2026-07-15 08:48:17.519678,8,2,22.5,67.8,4.5,437.5,53.8,218.8,315.9,54.7,10.8,1.31,28.0,228
2026-07-15 09:48:17.519678,9,2,23.0,55.3,8.7,534.5,58.0,215.0,292.0,56.1,13.7,1.52,32.8,222
2026-07-15 10:48:17.519678,10,2,28.7,50.1,4.2,643.5,45.4,148.7,226.1,46.7,9.2,1.47,46.5,156
2026-07-15 11:48:17.519678,11,2,31.0,43.9,9.2,801.8,32.6,177.6,258.6,36.5,13.3,1.12,45.8,185
2026-07-15 12:48:17.519678,12,2,35.3,42.8,7.6,982.5,16.5,97.5,154.8,22.7,13.5,0.89,51.6,103
2026-07-15 13:48:17.519678,13,2,33.2,43.5,7.2,952.8,13.8,117.9,156.3,18.3,10.4,0.73,52.6,121
2026-07-15 14:48:17.519678,14,2,35.0,42.5,11.3,1017.9,21.2,111.8,218.1,24.6,10.5,0.91,56.2,122
2026-07-15 15:48:17.519678,15,2,35.4,36.9,13.5,943.0,23.1,141.7,221.0,21.9,11.7,0.78,48.1,149
2026-07-15 16:48:17.519678,16,2,37.0,37.4,10.2,957.5,32.2,142.1,258.1,34.6,12.7,1.07,58.7,153
2026-07-15 17:48:17.519678,17,2,33.5,32.9,9.0,858.5,45.0,161.9,285.6,42.1,11.9,1.26,47.0,174
2026-07-15 18:48:17.519678,18,2,32.5,40.7,11.7,792.4,60.8,181.6,257.8,57.3,13.1,1.47,48.2,189
2026-07-15 19:48:17.519678,19,2,30.9,45.1,11.3,546.5,54.3,221.9,310.5,50.2,15.8,1.53,46.9,230
2026-07-15 20:48:17.519678,20,2,27.9,51.7,11.9,433.4,30.1,156.6,293.4,27.3,11.3,1.03,43.1,170
2026-07-15 21:48:17.519678,21,2,24.3,59.5,11.9,249.6,25.1,205.4,334.4,21.7,9.2,1.16,36.9,218
2026-07-15 22:48:17.519678,22,2,22.7,65.1,8.9,164.8,21.0,182.5,264.5,24.6,14.6,1.33,38.4,190
2026-07-15 23:48:17.519678,23,2,21.6,66.6,11.7,150.0,21.7,219.4,317.1,28.7,16.4,1.29,46.2,229
2026-07-16 00:48:17.519678,0,3,16.4,79.9,7.4,150.0,16.2,196.5,258.9,24.5,13.8,1.33,25.4,202
2026-07-16 01:48:17.519678,1,3,16.5,78.4,5.3,150.0,17.3,207.3,295.4,15.0,10.8,1.16,41.8,216
2026-07-16 02:48:17.519678,2,3,14.3,84.9,1.9,150.0,20.7,215.2,277.5,40.4,12.8,1.48,26.8,221
2026-07-16 03:48:17.519678,3,3,16.8,91.2,4.0,150.0,16.8,172.6,190.8,21.0,10.8,1.32,33.2,174
2026-07-16 04:48:17.519678,4,3,13.1,81.4,3.5,150.0,13.1,181.8,224.8,23.4,14.3,1.21,22.9,186
2026-07-16 05:48:17.519678,5,3,15.5,74.1,5.9,150.0,14.0,202.0,283.8,13.2,10.3,1.19,28.4,210
2026-07-16 06:48:17.519678,6,3,18.5,76.8,5.1,150.0,20.7,205.5,263.0,25.3,12.4,1.35,32.2,211
2026-07-16 07:48:17.519678,7,3,22.3,75.8,2.2,323.6,26.4,221.0,305.3,39.1,10.5,1.17,32.7,229
2026-07-16 08:48:17.519678,8,3,22.3,72.3,5.5,449.3,49.5,221.7,288.8,42.5,12.6,1.42,36.5,228
2026-07-16 09:48:17.519678,9,3,24.2,56.3,7.3,598.7,64.4,207.0,288.4,65.1,11.5,1.46,35.5,215
2026-07-16 10:48:17.519678,10,3,30.4,55.0,10.0,677.2,41.3,165.8,268.5,46.9,12.6,1.08,56.1,176
2026-07-16 11:48:17.519678,11,3,27.8,46.1,9.8,779.8,37.7,163.7,260.9,36.1,12.2,1.16,39.0,173
2026-07-16 12:48:17.519678,12,3,28.8,42.0,10.6,967.4,24.2,88.2,160.9,31.5,10.2,0.79,46.9,95
2026-07-16 13:48:17.519678,13,3,34.3,46.3,10.1,1023.4,14.1,127.3,226.1,14.7,13.4,0.71,56.0,137
2026-07-16 14:48:17.519678,14,3,33.9,31.3,11.6,1073.6,18.1,109.4,206.8,23.1,12.0,0.78,48.0,119
2026-07-16 15:48:17.519678,15,3,33.5,35.8,14.0,949.4,19.8,135.6,256.6,8.8,10.2,0.83,57.7,147
2026-07-16 16:48:17.519678,16,3,35.7,37.3,9.2,908.1,36.5,124.0,202.2,48.2,16.6,1.14,51.1,131
2026-07-16 17:48:17.519678,17,3,34.0,41.6,11.3,742.3,54.0,208.5,309.2,58.7,13.2,1.22,37.5,218
2026-07-16 18:48:17.519678,18,3,31.2,42.6,10.3,680.4,54.4,230.4,319.4,50.4,11.9,1.17,50.7,239
2026-07-16 19:48:17.519678,19,3,28.1,48.4,12.2,605.1,52.4,181.1,268.2,39.7,15.1,1.29,39.1,189
2026-07-16 20:48:17.519678,20,3,28.9,52.4,13.3,376.7,30.7,202.6,320.8,31.4,16.1,1.31,41.3,214
2026-07-16 21:48:17.519678,21,3,26.0,60.8,8.8,276.7,20.1,186.4,299.7,14.3,12.3,1.26,48.2,197
2026-07-16 22:48:17.519678,22,3,22.3,65.4,4.3,150.0,12.9,169.4,267.1,20.9,13.7,1.44,37.9,179
2026-07-16 23:48:17.519678,23,3,22.8,74.4,7.2,150.0,22.1,210.4,258.1,26.1,11.0,1.38,44.3,215
2026-07-17 00:48:17.519678,0,4,16.3,76.6,8.8,150.0,19.2,210.2,313.7,15.9,12.7,1.18,39.0,220
2026-07-17 01:48:17.519678,1,4,14.1,82.8,7.1,150.0,12.0,179.0,209.7,20.7,12.6,1.01,26.6,182
2026-07-17 02:48:17.519678,2,4,14.3,84.1,6.0,150.0,9.7,202.8,294.3,17.7,13.4,1.15,34.4,211
2026-07-17 03:48:17.519678,3,4,14.9,88.4,4.0,150.0,13.5,169.0,221.6,24.5,13.7,1.25,26.7,174
2026-07-17 04:48:17.519678,4,4,15.7,84.0,1.6,150.0,16.8,190.0,273.8,34.2,14.1,1.45,41.6,198
2026-07-17 05:48:17.519678,5,4,16.0,76.3,5.0,150.0,16.8,199.2,251.2,14.0,13.5,1.41,29.3,204
2026-07-17 06:48:17.519678,6,4,18.5,81.5,2.5,150.0,24.8,216.7,320.0,39.3,10.6,1.46,38.3,227
2026-07-17 07:48:17.519678,7,4,18.1,69.8,8.9,268.0,34.7,198.4,252.9,33.3,10.7,1.2,37.6,203
2026-07-17 08:48:17.519678,8,4,24.6,64.5,6.3,476.1,53.9,231.0,315.3,46.3,11.2,1.32,41.4,239
2026-07-17 09:48:17.519678,9,4,24.9,58.2,4.8,507.8,61.3,236.4,320.8,68.1,11.7,1.54,34.7,244
2026-07-17 10:48:17.519678,10,4,29.3,57.7,5.7,787.4,44.5,187.0,241.8,55.8,14.3,1.26,43.8,192
2026-07-17 11:48:17.519678,11,4,30.5,41.1,7.8,870.9,30.8,141.7,233.2,31.3,9.8,1.02,37.7,150
2026-07-17 12:48:17.519678,12,4,32.8,51.7,8.6,907.8,24.0,138.3,254.6,35.9,11.5,0.77,51.8,149
2026-07-17 13:48:17.519678,13,4,34.5,41.5,12.2,1036.3,15.7,96.1,225.1,17.0,14.1,0.8,56.5,108
2026-07-17 14:48:17.519678,14,4,35.3,36.5,11.2,944.7,17.9,146.3,243.0,16.9,11.6,0.82,56.4,156
2026-07-17 15:48:17.519678,15,4,36.0,34.8,10.0,938.3,18.5,105.2,211.2,16.5,13.1,0.68,41.6,115
2026-07-17 16:48:17.519678,16,4,36.7,36.7,15.6,889.2,27.4,166.1,271.1,34.8,11.9,0.85,49.2,176
2026-07-17 17:48:17.519678,17,4,34.0,39.9,12.1,797.8,49.6,178.0,289.4,43.2,12.7,1.34,47.7,189
2026-07-17 18:48:17.519678,18,4,33.1,44.3,13.4,647.2,61.2,189.1,283.6,61.0,11.8,1.45,50.1,198
2026-07-17 19:48:17.519678,19,4,29.9,49.2,10.2,616.4,47.4,213.4,322.0,42.8,13.6,1.43,48.0,224
2026-07-17 20:48:17.519678,20,4,29.7,53.8,11.6,387.1,30.6,192.1,297.5,27.8,9.3,1.17,47.1,202
2026-07-17 21:48:17.519678,21,4,24.0,59.4,10.6,262.3,16.0,193.8,272.9,22.4,11.8,0.97,44.7,201
2026-07-17 22:48:17.519678,22,4,25.1,66.0,5.3,150.0,20.3,220.5,312.2,22.1,13.6,1.37,37.8,229
2026-07-17 23:48:17.519678,23,4,19.9,71.9,12.0,150.0,13.9,193.8,273.3,13.0,14.1,1.28,40.7,201
2026-07-18 00:48:17.519678,0,5,15.8,81.1,9.5,150.0,20.8,191.0,280.0,27.5,16.0,1.31,33.6,199
2026-07-18 01:48:17.519678,1,5,16.5,83.4,5.2,150.0,21.1,218.0,275.4,32.8,12.2,1.29,33.5,223
2026-07-18 02:48:17.519678,2,5,14.3,75.3,3.0,150.0,14.7,198.8,277.2,26.5,16.0,1.36,28.6,206
2026-07-18 03:48:17.519678,3,5,16.3,87.0,5.2,150.0,11.0,198.4,306.6,12.3,11.7,1.32,42.4,209
2026-07-18 04:48:17.519678,4,5,14.4,84.7,4.3,150.0,6.7,150.9,231.7,10.5,15.7,1.23,33.7,159
2026-07-18 05:48:17.519678,5,5,15.7,81.6,4.7,150.0,9.9,194.0,294.0,15.7,14.6,1.37,27.4,204
2026-07-18 06:48:17.519678,6,5,15.1,76.5,4.5,150.0,14.2,184.5,259.2,21.1,11.2,1.23,32.2,192
2026-07-18 07:48:17.519678,7,5,19.3,75.9,5.5,307.9,37.1,235.9,332.4,33.8,13.1,1.45,38.6,245
2026-07-18 08:48:17.519678,8,5,18.8,69.3,8.1,357.7,50.5,233.7,348.4,52.8,12.3,1.35,29.3,245
2026-07-18 09:48:17.519678,9,5,22.6,57.7,7.1,582.5,61.6,222.6,354.4,60.0,13.5,1.39,41.6,235
2026-07-18 10:48:17.519678,10,5,28.7,54.8,4.9,710.0,41.2,185.2,238.0,34.6,11.8,0.98,47.9,190
2026-07-18 11:48:17.519678,11,5,31.2,44.6,10.7,837.5,26.8,124.7,180.1,22.2,11.6,0.88,38.5,130
2026-07-18 12:48:17.519678,12,5,32.7,38.2,12.3,983.2,23.3,143.8,262.6,20.9,14.9,0.8,53.7,155
2026-07-18 13:48:17.519678,13,5,32.2,36.5,16.3,1016.2,17.1,136.0,222.1,16.8,12.0,0.81,49.9,144
2026-07-18 14:48:17.519678,14,5,34.6,38.4,8.6,1014.4,15.3,111.5,180.8,26.7,13.8,0.75,56.5,118
2026-07-18 15:48:17.519678,15,5,35.0,37.9,11.9,896.8,22.0,150.1,219.8,23.5,11.7,0.72,59.4,157
2026-07-18 16:48:17.519678,16,5,32.9,37.4,7.7,871.6,38.1,146.0,228.8,34.0,15.5,1.05,52.1,154
2026-07-18 17:48:17.519678,17,5,35.9,40.5,13.1,818.1,49.2,162.6,231.0,47.6,10.8,1.22,61.7,169
2026-07-18 18:48:17.519678,18,5,33.4,43.9,10.8,704.7,60.3,203.8,351.7,55.3,11.0,1.27,48.6,218
2026-07-18 19:48:17.519678,19,5,29.7,45.6,15.3,498.8,50.8,215.2,322.8,49.3,15.3,1.26,48.8,225
2026-07-18 20:48:17.519678,20,5,27.6,54.8,9.3,520.6,41.1,187.5,278.7,43.1,11.4,1.13,47.9,196
2026-07-18 21:48:17.519678,21,5,25.3,62.4,6.6,320.5,11.3,178.3,273.7,20.8,15.7,1.03,42.8,187
2026-07-18 22:48:17.519678,22,5,19.3,68.7,8.1,150.0,18.6,201.8,306.5,20.3,14.8,1.36,40.1,212
2026-07-18 23:48:17.519678,23,5,19.6,76.1,4.0,150.0,14.6,180.6,272.9,28.8,12.7,1.35,32.7,189
2026-07-19 00:48:17.519678,0,6,16.9,79.8,8.5,150.0,17.3,202.8,301.3,23.6,9.4,1.18,30.8,212
2026-07-19 01:48:17.519678,1,6,14.8,82.7,1.9,150.0,12.4,215.2,281.0,23.6,13.0,1.37,23.9,221
2026-07-19 02:48:17.519678,2,6,14.9,87.4,5.2,150.0,14.8,196.5,259.6,30.1,13.2,1.42,31.1,202
2026-07-19 03:48:17.519678,3,6,17.7,84.9,1.0,150.0,17.9,244.1,344.7,47.7,15.3,1.13,33.1,254
2026-07-19 04:48:17.519678,4,6,16.3,81.5,3.5,150.0,27.5,198.1,261.7,29.2,16.2,1.41,37.5,204
2026-07-19 05:48:17.519678,5,6,15.5,81.2,7.3,150.0,19.1,205.4,282.0,29.5,11.6,1.4,34.6,213
2026-07-19 06:48:17.519678,6,6,18.8,75.4,4.9,150.0,16.4,179.2,260.6,31.3,14.6,1.38,33.0,187
